Date,Narrative,Reference,Credit,Debit
23/09/2026,CHQ DEP PETER MUTISO,FT26500401256,"6,760.00",
01/09/2026,CHQ DEP JUMA OWINO,FT26148640119,"13,510.00",
04/09/2026,CHQ DEP ATIENO ROTICH,FT26181971913,"5,400.00",
13/09/2026,PESALINK WANJIKU WAMBUI REF UT00087,FT26349873039,"24,150.00",
09/09/2026,CHQ DEP WEKESA KARIUKI,FT26795321723,"6,570.00",
03/09/2026,CHQ DEP GRACE CHERUIYOT,FT26678798858,"7,630.00",
27/09/2026,CHQ DEP SAMUEL MUTISO,FT26722826456,"57,200.00",
10/09/2026,PESALINK FAITH MUSYOKA REF UT00163,FT26622295663,"10,130.00",
28/09/2026,RTGS/JEPTOO TOO/LOAN LN26134,FT26986893957,"7,630.00",
14/09/2026,CASH DEP UT00172 JOHN MOHAMED,FT26647288633,"3,180.00",
12/09/2026,RTGS/BARAKA KOSGEI/LOAN LN26157,FT26682244960,"6,760.00",
14/09/2026,RTGS/AMINA KOSGEI/LOAN LN26158,FT26356169284,"29,550.00",
08/09/2026,RTGS/BARAKA KARIUKI/LOAN LN26161,FT26338184324,"40,530.00",
11/09/2026,CASH DEP UT00204 NDUTA OCHIENG,FT26530905992,"3,980.00",
09/09/2026,PESALINK PETER WAFULA REF UT00208,FT26160662707,"3,980.00",
01/09/2026,CHQ DEP ESTHER NDUNGU,FT26422753305,"16,100.00",
22/09/2026,CHQ DEP ACHIENG NJOROGE,FT26741401023,"3,380.00",
24/09/2026,PESALINK KIPROP SIMIYU REF UT00240,FT26916521357,"11,930.00",
24/09/2026,RTGS/ODHIAMBO WAMBUI/LOAN LN26196,FT26605846862,"85,800.00",
15/09/2026,CHQ DEP ACHIENG MACHARIA,FT26407045897,"5,970.00",
04/09/2026,CHQ DEP PETER ROTICH,FT26761657559,"114,400.00",
11/09/2026,RTGS/AMINA MOHAMED/LOAN LN26218,FT26783240451,"85,800.00",
28/09/2026,CASH DEP UT00274 NYAMBURA WAFULA,FT26875631785,"5,970.00",
27/09/2026,CHQ DEP JOHN ROTICH,FT26288699723,"1,990.00",
08/09/2026,PESALINK BARAKA MURIUKI REF UT00283,FT26496444555,"13,510.00",
24/09/2026,CASH DEP UT00288 WAIRIMU MOHAMED,FT26452990809,"9,850.00",
01/09/2026,PESALINK SAMUEL CHERUIYOT REF UT00301,FT26475007236,"3,980.00",
30/09/2026,INTEREST CAPITALISED,,"1,204.55",
30/09/2026,LEDGER FEE,,,350.00
