Member No,Payroll Name,Amount
UT00006,RUTH WAFULA,11130.00
UT00010,MUTHONI ROTICH,1990.00
UT00016,ATIENO NYAGA,35800.00
,NJERI KIPLAGAT,59200.00
UT00018,ESTHER SIMIYU,4980.00
UT00020,OTIENO ODUYA,6400.00
UT00025,NDUTA NDUNGU,81070.00
UT00032,ODHIAMBO MWENDE,7760.00
UT00033,BARAKA GITAU,7630.00
UT00043,JEPTOO ONYANGO,2990.00
,JAMES WAFULA,10850.00
UT00054,ODHIAMBO AKINYI,81570.00
UT00055,JOHN OKOTH,9530.00
UT00060,NDUTA WAFULA,14780.00
UT00061,MUTUA OWINO,4770.00
UT00063,NEEMA LANGAT,2680.00
UT00065,OTIENO KIPLAGAT,64900.00
UT00069,MUTHONI WANYAMA,20270.00
UT00070,IMANI SIMIYU,61800.00
UT00075,WANJIKU MUTISO,30400.00
UT00076,KAMAU KIMANI,20200.00
UT00077,BARAKA OCHIENG,11930.00
UT00078,JUMA KILONZO,2380.00
UT00079,PETER MURIUKI,16100.00
UT00092,CHEBET MACHARIA,114400.00
UT00097,HALIMA WAMBUI,1320.00
UT00102,DANIEL MURIUKI,19570.00
UT00103,DANIEL NDUNGU,2140.00
,NYAMBURA NDUNGU,30400.00
UT00137,OMONDI NDUNGU,4380.00
UT00150,ATIENO OCHIENG,25150.00
UT00151,NDUTA MBUGUA,4290.00
UT00165,NDUTA KIMANI,24150.00
UT00181,MUTHONI KIPLAGAT,41530.00
,MUTHONI SIMIYU,19320.00
UT00187,AMINA GITAU,30400.00
UT00189,AMINA KIMANI,5970.00
UT00192,MUTHONI KIMANI,43900.00
UT00207,DAVID MOHAMED,33200.00
UT00215,NDUTA KIMANI,19070.00
UT00220,ATIENO KIMANI,7260.00
UT00226,AMINA KOSGEI,7070.00
UT00228,GRACE NDUNGU,19700.00
UT00231,BARASA OWINO,3380.00
UT00234,ZAWADI LANGAT,8050.00
UT00235,AMINA SIMIYU,19700.00
,FAITH SIMIYU,24370.00
UT00242,JOHN OWINO,20270.00
,HALIMA KOSGEI,40530.00
UT00251,NDUTA KARIUKI,19070.00
UT00253,RUTH MOHAMED,12930.00
UT00271,BARAKA GITAU,2640.00
UT00279,JOYCE ROTICH,6760.00
UT00282,PETER WANYAMA,58200.00
UT00289,MUTHONI NJOROGE,3280.00
UT00295,OMONDI NDUNGU,57200.00
UT00299,RUTH KARIUKI,6760.00
UT00300,BARAKA NDUNGU,8130.00
UT00302,MUTHONI OKOTH,2570.00
,ODHIAMBO ROTICH,5770.00
,DANIEL AKINYI,25150.00
UT00307,NJERI OWINO,2990.00
UT00309,JUMA TOO,12430.00
,MUTUA MWENDE,4500.00
UT99999,UNKNOWN STAFF,2000.00
