Member No,Name,Amount
UT00007,Atieno Simiyu,6370.00
UT00015,Kamau Wambui,16600.00
UT00021,Kibet Cheruiyot,4790.00
UT00029,Faith Wanyama,81070.00
UT00031,Chebet Rotich,10130.00
UT00036,Njeri Musyoka,24370.00
UT00038,James Kimani,81070.00
UT00039,Nduta Onyango,40400.00
UT00047,Kiprop Simiyu,8460.00
UT00048,Faith Wanyama,18400.00
UT00056,Juma Macharia,2630.00
UT00062,Muthoni Mutiso,61800.00
UT00066,Wekesa Kosgei,42900.00
UT00068,Zawadi Musyoka,11230.00
UT00072,John Kilonzo,20270.00
UT00073,Joyce Kiplagat,12930.00
UT00084,Omondi Onyango,3180.00
UT00085,Muthoni Ndungu,30400.00
UT00086,Nduta Kosgei,5920.00
UT00094,Wekesa Rotich,8050.00
UT00098,Faith Ndungu,3180.00
UT00099,Grace Rotich,20200.00
UT00119,Atieno Kimani,6470.00
UT00121,Nduta Cheruiyot,5400.00
UT00123,Otieno Mbugua,30400.00
UT00124,Mwangi Mbugua,4980.00
UT00128,Kibet Onyango,36300.00
UT00131,Halima Owino,3980.00
UT00132,Jeptoo Owino,3130.00
UT00139,Zawadi Rotich,19700.00
UT00143,Grace Cheruiyot,16100.00
UT00144,James Macharia,85800.00
UT00147,Chebet Musyoka,42900.00
UT00148,John Njoroge,7960.00
UT00152,Jeptoo Too,48300.00
UT00159,Wanjiku Mbugua,3680.00
UT00161,Kamau Kimani,6400.00
UT00168,Wanjiku Oduya,4290.00
UT00173,Achieng Gitau,32700.00
UT00175,Baraka Njoroge,1640.00
UT00178,Zawadi Njoroge,7760.00
UT00179,Kiprop Muriuki,3180.00
UT00180,Hassan Kiplagat,4180.00
UT00182,Atieno Ndungu,4920.00
UT00184,Juma Ndungu,42900.00
UT00185,Ruth Njoroge,3880.00
UT00186,Jeptoo Njoroge,30400.00
UT00190,James Oduya,6570.00
UT00199,Chebet Wafula,3630.00
UT00214,Juma Kimani,114400.00
UT00217,Wanjiku Simiyu,8130.00
UT00219,Wekesa Kariuki,5290.00
UT00221,Daniel Rotich,40400.00
UT00224,Nyambura Njoroge,9530.00
UT00227,Kiprop Wanyama,3380.00
UT00232,Kiprop Simiyu,49300.00
UT00233,Nyambura Wafula,9850.00
UT00238,David Musyoka,3180.00
UT00243,Peter Mohamed,24150.00
UT00248,John Mbugua,42900.00
UT00250,Imani Kiplagat,11730.00
UT00258,Njeri Kiplagat,1640.00
UT00265,Baraka Macharia,115400.00
UT00270,Hassan Oduya,86800.00
UT00276,Nduta Too,7760.00
UT00277,Juma Langat,81570.00
UT00292,Wanjiku Ochieng,3280.00
UT00293,John Kiplagat,9530.00
UT00294,John Simiyu,11730.00
UT00308,Joyce Oduya,29550.00
UT00311,Wanjiku Okoth,3980.00
UT00313,Omondi Kimani,5420.00
UT00317,Kamau Langat,12930.00
