Loan No,Guarantor Member No,Amount Guaranteed
LN26002,UT00124,"66,700.00"
LN26002,UT00099,"6,600.00"
LN26002,UT00059,"19,200.00"
LN26005,UT00285,"11,200.00"
LN26007,UT00098,"22,300.00"
LN26007,UT00260,"100,000.00"
LN26008,UT00045,"16,700.00"
LN26008,UT00283,"16,700.00"
LN26008,UT00134,"16,700.00"
LN26009,UT00099,"1,400.00"
LN26009,UT00037,"5,600.00"
LN26009,UT00042,"9,900.00"
LN26010,UT00276,"66,700.00"
LN26010,UT00040,"66,700.00"
LN26012,UT00237,"5,100.00"
LN26012,UT00041,"100,000.00"
LN26013,UT00283,"62,100.00"
LN26016,UT00299,"5,100.00"
LN26016,UT00311,"21,300.00"
LN26017,UT00207,"5,000.00"
LN26018,UT00184,"26,700.00"
LN26018,UT00222,"26,700.00"
LN26022,UT00242,"66,700.00"
LN26023,UT00249,"26,700.00"
LN26024,UT00247,"143,500.00"
LN26024,UT00075,"56,200.00"
LN26025,UT00239,"18,200.00"
LN26027,UT00134,"50,000.00"
LN26027,UT00108,"45,800.00"
LN26028,UT00026,"33,300.00"
LN26028,UT00120,"33,300.00"
LN26028,UT00257,"10,500.00"
LN26029,UT00138,"26,700.00"
LN26029,UT00307,"26,700.00"
LN26029,UT00053,"19,800.00"
LN26030,UT00142,"6,500.00"
LN26031,UT00037,"1,100.00"
LN26032,UT00056,"291,100.00"
LN26032,UT00262,"400,000.00"
LN26032,UT00105,"12,400.00"
LN26033,UT00197,"356,100.00"
LN26033,UT00146,"72,500.00"
LN26033,UT00236,"371,500.00"
LN26034,UT00220,"6,400.00"
LN26034,UT00129,"6,600.00"
LN26035,UT00100,"14,800.00"
LN26035,UT00144,"16,700.00"
LN26035,UT00189,"16,700.00"
LN26036,UT00206,"11,600.00"
LN26036,UT00131,"26,700.00"
LN26038,UT00053,"4,000.00"
LN26039,UT00302,"116,300.00"
LN26040,UT00301,"12,500.00"
LN26040,UT00062,"131,200.00"
LN26042,UT00265,"100,000.00"
LN26044,UT00185,"13,700.00"
LN26045,UT00077,"9,000.00"
LN26046,UT00057,"26,700.00"
LN26048,UT00134,"16,700.00"
LN26049,UT00282,"300,000.00"
LN26049,UT00199,"158,600.00"
LN26051,UT00291,"69,300.00"
LN26051,UT00166,"23,200.00"
LN26052,UT00296,"12,300.00"
LN26052,UT00224,"150,000.00"
LN26053,UT00050,"66,700.00"
LN26053,UT00109,"66,700.00"
LN26054,UT00220,"1,300.00"
LN26054,UT00098,"4,400.00"
LN26056,UT00182,"100,000.00"
LN26056,UT00116,"9,000.00"
LN26058,UT00229,"100,000.00"
LN26058,UT00150,"100,000.00"
LN26060,UT00301,"2,500.00"
LN26060,UT00035,"6,500.00"
LN26063,UT00222,"100,000.00"
LN26063,UT00267,"100,000.00"
LN26063,UT00269,"100,000.00"
LN26069,UT00243,"50,000.00"
LN26069,UT00251,"16,500.00"
LN26069,UT00196,"20,600.00"
LN26070,UT00284,"150,000.00"
LN26072,UT00146,"14,500.00"
LN26073,UT00199,"16,700.00"
LN26074,UT00075,"11,300.00"
LN26074,UT00064,"244,300.00"
LN26075,UT00296,"2,500.00"
LN26079,UT00169,"6,100.00"
LN26080,UT00222,"117,900.00"
LN26083,UT00218,"66,700.00"
LN26085,UT00143,"100,000.00"
LN26085,UT00208,"100,000.00"
LN26086,UT00266,"16,700.00"
LN26086,UT00119,"16,700.00"
LN26087,UT00287,"23,400.00"
LN26087,UT00110,"169,100.00"
LN26088,UT00280,"66,700.00"
LN26088,UT00275,"66,700.00"
LN26089,UT00231,"14,600.00"
LN26089,UT00246,"5,700.00"
LN26089,UT00126,"66,700.00"
LN26090,UT00197,"71,200.00"
LN26091,UT00063,"300,000.00"
LN26091,UT00255,"168,100.00"
LN26093,UT00245,"8,100.00"
LN26094,UT00286,"26,700.00"
LN26094,UT00128,"8,200.00"
LN26094,UT00308,"11,600.00"
LN26099,UT00309,"150,000.00"
LN26099,UT00250,"4,800.00"
LN26100,UT00060,"33,300.00"
LN26100,UT00171,"33,300.00"
LN26100,UT00251,"3,300.00"
LN26101,UT00205,"26,700.00"
LN26101,UT00248,"26,700.00"
LN26102,UT00019,"150,000.00"
LN26102,UT00026,"138,300.00"
LN26104,UT00287,"4,600.00"
LN26104,UT00240,"121,900.00"
LN26105,UT00280,"26,700.00"
LN26106,UT00189,"50,000.00"
LN26106,UT00237,"1,100.00"
LN26111,UT00189,"66,700.00"
LN26111,UT00268,"16,300.00"
LN26112,UT00227,"200,000.00"
LN26112,UT00115,"5,600.00"
LN26113,UT00004,"137,600.00"
LN26115,UT00224,"71,300.00"
LN26115,UT00198,"100,000.00"
LN26116,UT00159,"134,700.00"
LN26116,UT00055,"300,000.00"
LN26116,UT00174,"162,600.00"
LN26118,UT00202,"150,000.00"
LN26119,UT00015,"19,900.00"
LN26120,UT00319,"50,000.00"
LN26120,UT00067,"50,000.00"
LN26124,UT00268,"3,200.00"
LN26124,UT00116,"1,800.00"
LN26124,UT00222,"23,600.00"
LN26127,UT00020,"392,900.00"
LN26127,UT00319,"385,100.00"
LN26127,UT00106,"296,800.00"
LN26128,UT00282,"16,700.00"
LN26128,UT00079,"16,700.00"
LN26129,UT00259,"16,700.00"
LN26129,UT00293,"16,700.00"
LN26131,UT00071,"19,200.00"
LN26132,UT00138,"50,000.00"
LN26132,UT00202,"50,000.00"
LN26134,UT00009,"26,700.00"
LN26134,UT00210,"26,700.00"
LN26134,UT00234,"26,700.00"
LN26135,UT00021,"200,000.00"
LN26136,UT00050,"26,700.00"
LN26136,UT00155,"26,700.00"
LN26136,UT00150,"26,700.00"
LN26138,UT00221,"150,000.00"
LN26138,UT00163,"7,000.00"
LN26139,UT00149,"26,700.00"
LN26139,UT00153,"26,700.00"
LN26140,UT00104,"200,000.00"
LN26140,UT00010,"200,000.00"
LN26140,UT00255,"33,600.00"
LN26141,UT00176,"14,600.00"
LN26141,UT00198,"200,000.00"
LN26141,UT00032,"200,000.00"
LN26143,UT00285,"2,300.00"
LN26144,UT00249,"33,300.00"
LN26144,UT00018,"33,300.00"
LN26145,UT00156,"11,100.00"
LN26145,UT00043,"16,700.00"
LN26146,UT00147,"26,700.00"
LN26146,UT00005,"26,700.00"
LN26147,UT00264,"200,000.00"
LN26149,UT00028,"129,600.00"
LN26149,UT00056,"58,200.00"
LN26150,UT00175,"131,500.00"
LN26150,UT00140,"150,000.00"
LN26151,UT00067,"16,700.00"
LN26152,UT00069,"58,700.00"
LN26152,UT00217,"150,000.00"
LN26153,UT00300,"150,000.00"
LN26153,UT00283,"12,400.00"
LN26153,UT00051,"124,900.00"
LN26154,UT00109,"50,000.00"
LN26154,UT00303,"22,100.00"
LN26156,UT00080,"21,600.00"
LN26156,UT00260,"115,400.00"
LN26157,UT00121,"33,300.00"
LN26157,UT00200,"2,900.00"
LN26157,UT00011,"21,900.00"
LN26159,UT00252,"26,700.00"
LN26159,UT00242,"26,700.00"
LN26160,UT00141,"150,000.00"
LN26160,UT00009,"150,000.00"
LN26161,UT00062,"26,200.00"
LN26161,UT00187,"200,000.00"
LN26161,UT00157,"200,000.00"
LN26163,UT00117,"150,000.00"
LN26163,UT00071,"3,800.00"
LN26163,UT00036,"150,000.00"
LN26164,UT00059,"3,800.00"
LN26164,UT00132,"200,000.00"
LN26164,UT00129,"1,400.00"
LN26165,UT00060,"33,300.00"
LN26165,UT00233,"15,300.00"
LN26167,UT00004,"27,500.00"
LN26167,UT00014,"33,300.00"
LN26167,UT00164,"33,300.00"
LN26168,UT00232,"60,400.00"
LN26168,UT00122,"400,000.00"
LN26170,UT00163,"1,400.00"
LN26170,UT00056,"11,600.00"
LN26171,UT00069,"11,800.00"
LN26171,UT00284,"50,000.00"
LN26172,UT00081,"26,700.00"
LN26172,UT00179,"26,700.00"
LN26174,UT00218,"26,700.00"
LN26174,UT00019,"26,700.00"
LN26176,UT00302,"23,300.00"
LN26178,UT00169,"1,200.00"
LN26180,UT00318,"3,100.00"
LN26180,UT00001,"66,700.00"
LN26181,UT00250,"1,000.00"
LN26181,UT00083,"16,700.00"
LN26182,UT00035,"1,300.00"
LN26185,UT00051,"24,900.00"
LN26185,UT00106,"59,400.00"
LN26185,UT00248,"100,000.00"
LN26186,UT00242,"50,000.00"
LN26186,UT00170,"19,900.00"
LN26187,UT00225,"200,000.00"
LN26187,UT00205,"59,000.00"
LN26187,UT00253,"176,000.00"
LN26190,UT00281,"9,700.00"
LN26190,UT00091,"26,700.00"
LN26192,UT00295,"20,800.00"
LN26192,UT00243,"13,600.00"
LN26194,UT00295,"4,200.00"
LN26195,UT00148,"150,000.00"
LN26197,UT00269,"33,300.00"
LN26197,UT00317,"21,500.00"
LN26198,UT00066,"50,500.00"
LN26198,UT00010,"200,000.00"
LN26198,UT00171,"101,700.00"
LN26200,UT00170,"4,000.00"
LN26200,UT00085,"150,000.00"
LN26201,UT00231,"2,900.00"
LN26201,UT00206,"2,400.00"
LN26202,UT00244,"66,700.00"
LN26202,UT00282,"66,700.00"
LN26203,UT00219,"66,700.00"
LN26203,UT00029,"66,700.00"
LN26207,UT00020,"16,700.00"
LN26207,UT00122,"16,700.00"
LN26208,UT00041,"50,000.00"
LN26208,UT00214,"50,000.00"
LN26212,UT00182,"26,700.00"
LN26212,UT00198,"26,700.00"
LN26214,UT00012,"400,000.00"
LN26215,UT00215,"33,300.00"
LN26215,UT00043,"33,300.00"
LN26216,UT00055,"400,000.00"
LN26217,UT00107,"26,700.00"
LN26217,UT00032,"26,700.00"
LN26218,UT00199,"18,400.00"
LN26218,UT00050,"60,000.00"
LN26219,UT00148,"300,000.00"
LN26221,UT00320,"33,300.00"
LN26221,UT00218,"33,300.00"
LN26224,UT00209,"7,700.00"
LN26224,UT00077,"1,800.00"
LN26225,UT00171,"20,400.00"
LN26227,UT00234,"33,300.00"
LN26230,UT00149,"66,700.00"
LN26230,UT00164,"66,700.00"
LN26231,UT00309,"66,700.00"
LN26232,UT00115,"1,100.00"
LN26233,UT00124,"150,000.00"
LN26233,UT00067,"42,200.00"
LN26234,UT00204,"100,000.00"
LN26237,UT00226,"2,900.00"
LN26237,UT00005,"33,300.00"
LN26238,UT00143,"33,300.00"
LN26245,UT00024,"33,300.00"
LN26246,UT00155,"33,300.00"
LN26246,UT00103,"22,700.00"
LN26246,UT00133,"33,300.00"
LN26247,UT00017,"16,700.00"
LN26247,UT00064,"16,700.00"
LN26249,UT00173,"18,400.00"
LN26249,UT00041,"122,800.00"
LN26250,UT00012,"16,700.00"
LN26250,UT00045,"16,700.00"
LN26251,UT00136,"16,700.00"
LN26253,UT00299,"1,000.00"
LN26253,UT00050,"12,000.00"
LN26254,UT00258,"33,300.00"
LN26254,UT00122,"33,300.00"
LN26255,UT00279,"16,700.00"
LN26255,UT00233,"3,100.00"
LN26256,UT00005,"50,000.00"
LN26257,UT00222,"4,700.00"
LN26258,UT00142,"1,300.00"
LN26031,UT00029,"10,000.00"
LN26025,UT00036,"10,000.00"
LN26053,UT00065,"10,000.00"
LN26054,UT00068,"10,000.00"
LN26051,UT00069,"10,000.00"
LN26041,UT00036,"1,736,700.00"
LN26041,UT00038,"246,400.00"
LN26051,UT00009,"15,000.00"
LN26052,UT00024,"15,000.00"
LN26053,UT00030,"15,000.00"
