Loan No,Member No,Product,Principal,Balance,Installment,Arrears,Penalty Arrears,Interest Arrears,Days In Arrears,Disbursement Date,Repayment Mode
LN26001,UT00001,Development Loan,"150,000.00","201,960.00","4,920.00",0.00,0.00,0.00,0,03/02/2026,M-Pesa
LN26002,UT00003,Emergency Loan,"200,000.00","63,520.00","7,960.00",0.00,0.00,0.00,0,14/05/2024,M-Pesa
LN26003,UT00004,School Fees Loan,"600,000.00","515,200.00","32,200.00","32,200.00",0.00,"6,440.00",18,04/01/2026,M-Pesa
LN26004,UT00006,Development Loan,"150,000.00","101,360.00","10,130.00",0.00,0.00,0.00,0,04/01/2026,Check-off
LN26005,UT00007,Development Loan,"100,000.00","85,840.00","5,370.00",0.00,0.00,0.00,0,04/01/2026,Check-off
LN26006,UT00008,Development Loan,"100,000.00","26,960.00","6,760.00",0.00,0.00,0.00,0,08/07/2025,Bank
LN26007,UT00009,School Fees Loan,"300,000.00","28,600.00","28,600.00","28,600.00","1,430.00","5,720.00",51,06/10/2025,M-Pesa
LN26008,UT00010,School Fees Loan,"50,000.00","59,660.00","1,990.00",0.00,0.00,0.00,0,05/03/2026,Check-off
LN26009,UT00012,Emergency Loan,"900,000.00","686,400.00","85,800.00",0.00,0.00,0.00,0,04/05/2026,M-Pesa
LN26010,UT00013,School Fees Loan,"200,000.00","38,100.00","19,070.00",0.00,0.00,0.00,0,05/11/2025,M-Pesa
LN26011,UT00014,Biashara Loan,"100,000.00","118,060.00","5,370.00",0.00,0.00,0.00,0,03/07/2026,M-Pesa
LN26012,UT00015,School Fees Loan,"300,000.00","289,800.00","16,100.00",0.00,0.00,0.00,0,05/03/2026,Check-off
LN26013,UT00016,Emergency Loan,"900,000.00","1,038,200.00","35,800.00","35,800.00",0.00,"7,160.00",1,03/02/2026,Check-off
LN26014,UT00017,Development Loan,"600,000.00","629,200.00","57,200.00",0.00,0.00,0.00,0,02/08/2026,Check-off
LN26015,UT00018,Emergency Loan,"100,000.00","51,660.00","3,980.00",0.00,0.00,0.00,0,11/10/2024,Check-off
LN26016,UT00019,Emergency Loan,"80,000.00","98,750.00","4,290.00","4,290.00",0.00,858.00,23,02/08/2026,M-Pesa
LN26017,UT00020,School Fees Loan,"80,000.00","75,680.00","5,400.00",0.00,0.00,0.00,0,04/05/2026,Check-off
LN26018,UT00021,Development Loan,"80,000.00","38,690.00","4,290.00",0.00,0.00,0.00,0,08/06/2025,Check-off
LN26019,UT00022,Emergency Loan,"300,000.00","162,100.00","20,270.00",0.00,0.00,0.00,0,05/11/2025,M-Pesa
LN26020,UT00024,Development Loan,"900,000.00","945,600.00","29,550.00","59,100.00","2,955.00","11,820.00",31,09/05/2025,M-Pesa
LN26021,UT00025,Emergency Loan,"1,200,000.00","810,640.00","81,070.00",0.00,0.00,0.00,0,04/01/2026,Check-off
LN26022,UT00026,School Fees Loan,"200,000.00","95,310.00","19,070.00",0.00,0.00,0.00,0,03/02/2026,M-Pesa
LN26023,UT00027,Emergency Loan,"80,000.00","7,590.00","7,630.00",0.00,0.00,0.00,0,06/10/2025,M-Pesa
LN26024,UT00028,Development Loan,"900,000.00","686,400.00","85,800.00",0.00,0.00,0.00,0,04/05/2026,M-Pesa
LN26025,UT00029,Biashara Loan,"1,200,000.00","648,500.00","81,070.00",0.00,0.00,0.00,0,05/11/2025,Check-off
LN26026,UT00030,Development Loan,"100,000.00","57,220.00","9,530.00","28,590.00","1,430.00","5,718.00",74,05/03/2026,Bank
LN26027,UT00031,Emergency Loan,"150,000.00","10,190.00","10,130.00",0.00,0.00,0.00,0,09/04/2025,Check-off
LN26028,UT00032,School Fees Loan,"100,000.00","74,280.00","6,760.00","13,520.00",676.00,"2,704.00",52,03/02/2026,Check-off
LN26029,UT00033,School Fees Loan,"80,000.00","30,480.00","7,630.00",0.00,0.00,0.00,0,04/01/2026,Check-off
LN26030,UT00035,School Fees Loan,"80,000.00","86,480.00","5,400.00","5,400.00",0.00,"1,080.00",21,03/07/2026,M-Pesa
LN26031,UT00036,School Fees Loan,"600,000.00","644,370.00","23,870.00",0.00,0.00,0.00,0,05/12/2025,Check-off
LN26032,UT00038,School Fees Loan,"1,200,000.00","324,220.00","81,070.00",0.00,0.00,0.00,0,08/07/2025,Check-off
LN26033,UT00039,Development Loan,"1,200,000.00","236,400.00","39,400.00","118,200.00","5,910.00","23,640.00",64,21/03/2023,Check-off
LN26034,UT00041,Emergency Loan,"200,000.00","135,120.00","13,510.00",0.00,0.00,0.00,0,04/01/2026,Bank
LN26035,UT00043,School Fees Loan,"50,000.00","19,860.00","1,990.00","1,990.00",0.00,398.00,6,13/07/2024,Check-off
LN26036,UT00045,School Fees Loan,"80,000.00","37,880.00","5,400.00",0.00,0.00,0.00,0,06/10/2025,Bank
LN26037,UT00046,Biashara Loan,"600,000.00","906,200.00","19,700.00","59,100.00","2,955.00","11,820.00",89,03/07/2026,Bank
LN26038,UT00047,Emergency Loan,"200,000.00","206,800.00","7,960.00",0.00,0.00,0.00,0,05/11/2025,Check-off
LN26039,UT00048,Development Loan,"450,000.00","590,700.00","17,900.00",0.00,0.00,0.00,0,03/06/2026,Check-off
LN26040,UT00050,Development Loan,"600,000.00","23,750.00","23,870.00","23,750.00",0.00,"4,750.00",11,17/10/2023,M-Pesa
LN26041,UT00051,School Fees Loan,"100,000.00","71,560.00","3,980.00",0.00,0.00,0.00,0,10/03/2025,M-Pesa
LN26042,UT00052,School Fees Loan,"300,000.00","216,700.00","9,850.00",0.00,0.00,0.00,0,13/07/2024,Check-off
LN26043,UT00054,Development Loan,"1,200,000.00","972,780.00","81,070.00",0.00,0.00,0.00,0,05/03/2026,Check-off
LN26044,UT00055,School Fees Loan,"100,000.00","76,280.00","9,530.00",0.00,0.00,0.00,0,04/05/2026,Check-off
LN26045,UT00056,Emergency Loan,"80,000.00","39,290.00","2,630.00",0.00,0.00,0.00,0,16/12/2023,Check-off
LN26046,UT00059,School Fees Loan,"80,000.00","20,880.00","2,630.00",0.00,0.00,0.00,0,20/05/2023,M-Pesa
LN26047,UT00060,Biashara Loan,"450,000.00","58,880.00","14,780.00",0.00,0.00,0.00,0,20/01/2023,Check-off
LN26048,UT00061,Biashara Loan,"50,000.00","4,730.00","4,770.00",0.00,0.00,0.00,0,06/10/2025,Check-off
LN26049,UT00062,School Fees Loan,"900,000.00","182,400.00","60,800.00",0.00,0.00,0.00,0,08/06/2025,Check-off
LN26050,UT00063,Development Loan,"50,000.00","51,000.00","2,680.00",0.00,0.00,0.00,0,04/04/2026,Check-off
LN26051,UT00065,Development Loan,"1,200,000.00","193,200.00","64,400.00","64,400.00",0.00,"12,880.00",3,10/12/2024,Check-off
LN26052,UT00066,Biashara Loan,"450,000.00","42,900.00","42,900.00",0.00,0.00,0.00,0,06/10/2025,Check-off
LN26053,UT00068,Development Loan,"200,000.00","193,220.00","10,730.00","10,730.00",0.00,"2,146.00",23,05/03/2026,Check-off
LN26054,UT00069,Development Loan,"300,000.00","222,910.00","20,270.00",0.00,0.00,0.00,0,03/02/2026,Check-off
LN26055,UT00070,School Fees Loan,"900,000.00","486,400.00","60,800.00","121,600.00","6,080.00","24,320.00",49,05/11/2025,Check-off
LN26056,UT00072,Biashara Loan,"300,000.00","182,370.00","20,270.00",0.00,0.00,0.00,0,05/12/2025,Check-off
LN26057,UT00073,School Fees Loan,"300,000.00","119,420.00","11,930.00",0.00,0.00,0.00,0,13/07/2024,Check-off
LN26058,UT00074,Biashara Loan,"300,000.00","59,770.00","11,930.00",0.00,0.00,0.00,0,14/02/2024,M-Pesa
LN26059,UT00075,School Fees Loan,"450,000.00","212,800.00","30,400.00",0.00,0.00,0.00,0,06/10/2025,Check-off
LN26060,UT00076,Development Loan,"600,000.00","98,500.00","19,700.00",0.00,0.00,0.00,0,19/02/2023,Check-off
LN26061,UT00077,Development Loan,"300,000.00","23,980.00","11,930.00","11,930.00",0.00,"2,386.00",28,16/11/2023,Check-off
LN26062,UT00078,School Fees Loan,"50,000.00","14,270.00","4,770.00","4,770.00",0.00,954.00,26,05/12/2025,Check-off
LN26063,UT00079,Development Loan,"300,000.00","257,600.00","16,100.00","32,200.00","1,610.00","6,440.00",59,04/01/2026,Check-off
LN26064,UT00080,Development Loan,"450,000.00","300,300.00","42,900.00",0.00,0.00,0.00,0,04/04/2026,M-Pesa
LN26065,UT00081,School Fees Loan,"450,000.00","265,650.00","24,150.00",0.00,0.00,0.00,0,07/08/2025,M-Pesa
LN26066,UT00083,Emergency Loan,"100,000.00","46,080.00","3,280.00",0.00,0.00,0.00,0,16/11/2023,M-Pesa
LN26067,UT00084,Emergency Loan,"80,000.00","98,660.00","3,180.00",0.00,0.00,0.00,0,04/04/2026,Check-off
LN26068,UT00085,Emergency Loan,"450,000.00","273,600.00","30,400.00","30,400.00",0.00,"6,080.00",6,05/12/2025,Check-off
LN26069,UT00086,Development Loan,"150,000.00","197,040.00","4,920.00","9,840.00",492.00,"1,968.00",59,04/01/2026,Check-off
LN26070,UT00087,School Fees Loan,"450,000.00","458,850.00","24,150.00",0.00,0.00,0.00,0,04/04/2026,Bank
LN26071,UT00088,Emergency Loan,"1,200,000.00","591,000.00","39,400.00",0.00,0.00,0.00,0,16/12/2023,M-Pesa
LN26072,UT00089,Development Loan,"300,000.00","413,700.00","9,850.00",0.00,0.00,0.00,0,05/03/2026,M-Pesa
LN26073,UT00091,Biashara Loan,"50,000.00","53,690.00","1,990.00",0.00,0.00,0.00,0,05/12/2025,M-Pesa
LN26074,UT00092,Biashara Loan,"1,200,000.00","1,258,400.00","114,400.00",0.00,0.00,0.00,0,02/08/2026,Check-off
LN26075,UT00093,Emergency Loan,"150,000.00","24,150.00","8,050.00","24,150.00","1,208.00","4,830.00",71,10/12/2024,M-Pesa
LN26076,UT00094,Development Loan,"150,000.00","40,250.00","8,050.00",0.00,0.00,0.00,0,08/02/2025,Check-off
LN26077,UT00095,Development Loan,"100,000.00","28,630.00","9,530.00",0.00,0.00,0.00,0,05/12/2025,M-Pesa
LN26078,UT00097,Biashara Loan,"80,000.00","105,040.00","2,630.00",0.00,0.00,0.00,0,04/01/2026,Check-off
LN26079,UT00098,School Fees Loan,"50,000.00","16,160.00","2,680.00",0.00,0.00,0.00,0,10/03/2025,Check-off
LN26080,UT00099,Biashara Loan,"600,000.00","768,300.00","19,700.00",0.00,0.00,0.00,0,05/12/2025,Check-off
LN26081,UT00100,Emergency Loan,"1,200,000.00","1,134,920.00","81,070.00",0.00,0.00,0.00,0,04/05/2026,M-Pesa
LN26082,UT00101,School Fees Loan,"900,000.00","343,200.00","85,800.00","85,800.00",0.00,"17,160.00",7,04/01/2026,M-Pesa
LN26083,UT00102,School Fees Loan,"200,000.00","38,100.00","19,070.00","19,070.00",0.00,"3,814.00",1,05/11/2025,Check-off
LN26084,UT00103,Emergency Loan,"50,000.00","50,920.00","1,640.00",0.00,0.00,0.00,0,09/04/2025,Check-off
LN26085,UT00104,School Fees Loan,"300,000.00","225,400.00","16,100.00",0.00,0.00,0.00,0,05/11/2025,M-Pesa
LN26086,UT00105,School Fees Loan,"50,000.00","57,670.00","1,990.00",0.00,0.00,0.00,0,03/02/2026,M-Pesa
LN26087,UT00106,Biashara Loan,"600,000.00","715,980.00","23,870.00","47,740.00","2,387.00","9,548.00",56,05/03/2026,M-Pesa
LN26088,UT00110,Development Loan,"200,000.00","150,950.00","6,570.00",0.00,0.00,0.00,0,12/08/2024,M-Pesa
LN26089,UT00112,Emergency Loan,"200,000.00","131,240.00","6,570.00","6,570.00",0.00,"1,314.00",6,14/05/2024,Bank
LN26090,UT00113,Emergency Loan,"450,000.00","395,200.00","30,400.00",0.00,0.00,0.00,0,04/04/2026,Check-off
LN26091,UT00114,Biashara Loan,"900,000.00","1,217,200.00","35,800.00",0.00,0.00,0.00,0,03/07/2026,M-Pesa
LN26092,UT00115,School Fees Loan,"150,000.00","64,200.00","4,920.00","9,840.00",492.00,"1,968.00",58,17/10/2023,M-Pesa
LN26093,UT00116,School Fees Loan,"600,000.00","525,020.00","23,870.00",0.00,0.00,0.00,0,08/07/2025,M-Pesa
LN26094,UT00117,Biashara Loan,"80,000.00","15,220.00","7,630.00","7,630.00",0.00,"1,526.00",14,05/11/2025,Bank
LN26095,UT00118,Emergency Loan,"600,000.00","114,400.00","57,200.00","57,200.00",0.00,"11,440.00",1,05/11/2025,Bank
LN26096,UT00119,Development Loan,"150,000.00","29,730.00","5,970.00",0.00,0.00,0.00,0,14/02/2024,Check-off
LN26097,UT00121,Emergency Loan,"80,000.00","54,080.00","5,400.00",0.00,0.00,0.00,0,04/01/2026,Check-off
LN26098,UT00122,Development Loan,"50,000.00","47,280.00","3,380.00","6,760.00",338.00,"1,352.00",37,04/05/2026,M-Pesa
LN26099,UT00123,Biashara Loan,"450,000.00","304,000.00","30,400.00","30,400.00",0.00,"6,080.00",1,04/01/2026,Check-off
LN26100,UT00124,Development Loan,"100,000.00","135,240.00","3,980.00",0.00,0.00,0.00,0,03/07/2026,Check-off
LN26101,UT00125,Development Loan,"80,000.00","70,280.00","5,400.00","5,400.00",0.00,"1,080.00",13,04/04/2026,M-Pesa
LN26102,UT00126,Development Loan,"450,000.00","429,000.00","42,900.00","42,900.00",0.00,"8,580.00",25,03/07/2026,M-Pesa
LN26103,UT00127,Emergency Loan,"900,000.00","856,950.00","29,550.00",0.00,0.00,0.00,0,08/02/2025,M-Pesa
LN26104,UT00128,Emergency Loan,"900,000.00","787,600.00","35,800.00",0.00,0.00,0.00,0,08/07/2025,Check-off
LN26105,UT00129,Development Loan,"80,000.00","110,300.00","2,630.00",0.00,0.00,0.00,0,05/03/2026,M-Pesa
LN26106,UT00130,School Fees Loan,"150,000.00","143,000.00","14,300.00",0.00,0.00,0.00,0,03/07/2026,M-Pesa
LN26107,UT00131,Development Loan,"100,000.00","55,640.00","3,980.00","3,980.00",0.00,796.00,1,10/11/2024,Check-off
LN26108,UT00132,Biashara Loan,"80,000.00","89,260.00","2,630.00",0.00,0.00,0.00,0,08/07/2025,Check-off
LN26109,UT00135,Emergency Loan,"150,000.00","157,300.00","14,300.00","14,300.00",0.00,"2,860.00",30,02/08/2026,M-Pesa
LN26110,UT00137,Emergency Loan,"50,000.00","27,000.00","3,380.00",0.00,0.00,0.00,0,05/11/2025,Check-off
LN26111,UT00138,Emergency Loan,"200,000.00","246,870.00","10,730.00",0.00,0.00,0.00,0,02/08/2026,M-Pesa
LN26112,UT00139,Emergency Loan,"600,000.00","531,900.00","19,700.00",0.00,0.00,0.00,0,10/12/2024,Check-off
LN26113,UT00140,School Fees Loan,"900,000.00","514,800.00","85,800.00",0.00,0.00,0.00,0,05/03/2026,M-Pesa
LN26114,UT00141,Development Loan,"150,000.00","169,050.00","8,050.00",0.00,0.00,0.00,0,03/06/2026,M-Pesa
LN26115,UT00143,Biashara Loan,"300,000.00","338,100.00","16,100.00",0.00,0.00,0.00,0,03/06/2026,Check-off
LN26116,UT00144,Emergency Loan,"900,000.00","85,800.00","85,800.00",0.00,0.00,0.00,0,06/10/2025,Check-off
LN26117,UT00146,Development Loan,"900,000.00","85,800.00","85,800.00",0.00,0.00,0.00,0,06/10/2025,M-Pesa
LN26118,UT00147,Emergency Loan,"450,000.00","386,100.00","42,900.00",0.00,0.00,0.00,0,03/06/2026,Check-off
LN26119,UT00148,Development Loan,"200,000.00","159,040.00","7,960.00",0.00,0.00,0.00,0,09/05/2025,Check-off
LN26120,UT00149,Development Loan,"150,000.00","32,200.00","8,050.00","32,200.00","1,610.00","6,440.00",393,09/01/2025,Check-off
LN26121,UT00150,Development Loan,"450,000.00","507,150.00","24,150.00",0.00,0.00,0.00,0,03/06/2026,Check-off
LN26122,UT00151,Development Loan,"80,000.00","90,170.00","4,290.00",0.00,0.00,0.00,0,03/06/2026,Check-off
LN26123,UT00152,Development Loan,"900,000.00","434,700.00","48,300.00",0.00,0.00,0.00,0,08/06/2025,Check-off
LN26124,UT00153,Biashara Loan,"450,000.00","429,600.00","17,900.00",0.00,0.00,0.00,0,06/09/2025,M-Pesa
LN26125,UT00154,Emergency Loan,"150,000.00","71,500.00","14,300.00","14,300.00",0.00,"2,860.00",15,03/02/2026,M-Pesa
LN26126,UT00155,Development Loan,"300,000.00","64,400.00","16,100.00",0.00,0.00,0.00,0,09/01/2025,M-Pesa
LN26127,UT00157,Emergency Loan,"1,200,000.00","128,800.00","64,400.00",0.00,0.00,0.00,0,10/11/2024,M-Pesa
LN26128,UT00158,Development Loan,"50,000.00","37,770.00","1,990.00",0.00,0.00,0.00,0,09/04/2025,M-Pesa
LN26129,UT00159,School Fees Loan,"50,000.00","51,000.00","2,680.00","8,040.00",402.00,"1,608.00",72,04/04/2026,Check-off
LN26130,UT00160,School Fees Loan,"100,000.00","40,480.00","6,760.00","6,760.00",0.00,"1,352.00",3,06/09/2025,M-Pesa
LN26131,UT00161,Biashara Loan,"80,000.00","64,880.00","5,400.00",0.00,0.00,0.00,0,05/03/2026,Check-off
LN26132,UT00163,School Fees Loan,"150,000.00","50,710.00","10,130.00","10,130.00",0.00,"2,026.00",15,07/08/2025,Bank
LN26133,UT00165,Biashara Loan,"450,000.00","386,400.00","24,150.00",0.00,0.00,0.00,0,04/01/2026,Check-off
LN26134,UT00166,Development Loan,"80,000.00","30,480.00","7,630.00",0.00,0.00,0.00,0,04/01/2026,Bank
LN26135,UT00167,Development Loan,"600,000.00","572,760.00","23,870.00","47,740.00","2,387.00","9,548.00",44,06/09/2025,Bank
LN26136,UT00168,Emergency Loan,"80,000.00","51,560.00","4,290.00",0.00,0.00,0.00,0,06/09/2025,Check-off
LN26137,UT00170,Biashara Loan,"80,000.00","86,630.00","2,630.00",0.00,0.00,0.00,0,08/06/2025,M-Pesa
LN26138,UT00171,School Fees Loan,"450,000.00","650,080.00","14,780.00",0.00,0.00,0.00,0,04/05/2026,M-Pesa
LN26139,UT00172,Emergency Loan,"80,000.00","60,500.00","3,180.00",0.00,0.00,0.00,0,09/04/2025,Bank
LN26140,UT00173,School Fees Loan,"600,000.00","644,000.00","32,200.00",0.00,0.00,0.00,0,04/05/2026,Check-off
LN26141,UT00174,Development Loan,"600,000.00","453,410.00","23,870.00",0.00,0.00,0.00,0,09/04/2025,M-Pesa
LN26142,UT00175,Biashara Loan,"50,000.00","9,920.00","1,640.00",0.00,0.00,0.00,0,21/03/2023,Check-off
LN26143,UT00176,Development Loan,"100,000.00","101,950.00","5,370.00",0.00,0.00,0.00,0,04/04/2026,M-Pesa
LN26144,UT00178,Development Loan,"100,000.00","114,840.00","6,760.00",0.00,0.00,0.00,0,02/08/2026,Check-off
LN26145,UT00179,School Fees Loan,"50,000.00","24,200.00","2,680.00","16,080.00",804.00,"3,216.00",189,08/06/2025,Check-off
LN26146,UT00180,Development Loan,"80,000.00","108,200.00","3,180.00",0.00,0.00,0.00,0,03/07/2026,Check-off
LN26147,UT00181,Biashara Loan,"600,000.00","608,010.00","40,530.00",0.00,0.00,0.00,0,03/06/2026,Check-off
LN26148,UT00182,Biashara Loan,"150,000.00","167,520.00","4,920.00",0.00,0.00,0.00,0,08/07/2025,Check-off
LN26149,UT00183,Biashara Loan,"600,000.00","515,200.00","32,200.00","128,800.00","6,440.00","25,760.00",255,04/01/2026,Check-off
LN26150,UT00184,Emergency Loan,"450,000.00","85,800.00","42,900.00",0.00,0.00,0.00,0,05/11/2025,Check-off
LN26151,UT00185,Biashara Loan,"50,000.00","30,380.00","3,380.00",0.00,0.00,0.00,0,05/12/2025,Check-off
LN26152,UT00186,Development Loan,"450,000.00","273,600.00","30,400.00",0.00,0.00,0.00,0,05/12/2025,Check-off
LN26153,UT00187,School Fees Loan,"450,000.00","395,200.00","30,400.00","243,200.00","12,160.00","48,640.00",160,04/04/2026,Check-off
LN26154,UT00189,Biashara Loan,"150,000.00","149,130.00","5,970.00",0.00,0.00,0.00,0,06/10/2025,Check-off
LN26155,UT00190,Emergency Loan,"200,000.00","32,690.00","6,570.00",0.00,0.00,0.00,0,19/02/2023,Check-off
LN26156,UT00192,Development Loan,"450,000.00","471,900.00","42,900.00",0.00,0.00,0.00,0,02/08/2026,Check-off
LN26157,UT00195,School Fees Loan,"100,000.00","26,960.00","6,760.00",0.00,0.00,0.00,0,08/07/2025,Bank
LN26158,UT00196,School Fees Loan,"900,000.00","1,182,000.00","29,550.00",0.00,0.00,0.00,0,04/01/2026,Bank
LN26159,UT00199,Emergency Loan,"80,000.00","81,370.00","2,630.00",0.00,0.00,0.00,0,09/04/2025,Check-off
LN26160,UT00202,Development Loan,"450,000.00","169,050.00","24,150.00",0.00,0.00,0.00,0,09/04/2025,M-Pesa
LN26161,UT00203,Biashara Loan,"600,000.00","283,770.00","40,530.00","40,530.00",0.00,"8,106.00",1,06/10/2025,Bank
LN26162,UT00204,Development Loan,"100,000.00","59,620.00","3,980.00","3,980.00",0.00,796.00,2,10/12/2024,Bank
LN26163,UT00206,School Fees Loan,"450,000.00","483,300.00","17,900.00","35,800.00","1,790.00","7,160.00",38,05/12/2025,M-Pesa
LN26164,UT00207,Development Loan,"600,000.00","611,800.00","32,200.00","193,200.00","9,660.00","38,640.00",201,04/04/2026,Check-off
LN26165,UT00208,Biashara Loan,"100,000.00","35,740.00","3,980.00",0.00,0.00,0.00,0,13/06/2024,Bank
LN26166,UT00210,Biashara Loan,"300,000.00","16,100.00","16,100.00","16,100.00",0.00,"3,220.00",3,11/10/2024,M-Pesa
LN26167,UT00211,Emergency Loan,"100,000.00","47,680.00","3,980.00",0.00,0.00,0.00,0,11/09/2024,M-Pesa
LN26168,UT00212,Emergency Loan,"1,200,000.00","486,360.00","81,070.00","81,070.00",0.00,"16,214.00",3,06/09/2025,M-Pesa
LN26169,UT00214,Biashara Loan,"1,200,000.00","915,200.00","114,400.00","228,800.00","11,440.00","45,760.00",50,04/05/2026,Check-off
LN26170,UT00215,Emergency Loan,"200,000.00","190,660.00","19,070.00","19,070.00",0.00,"3,814.00",7,03/07/2026,Check-off
LN26171,UT00216,Emergency Loan,"150,000.00","128,700.00","14,300.00",0.00,0.00,0.00,0,03/06/2026,M-Pesa
LN26172,UT00217,School Fees Loan,"80,000.00","76,260.00","7,630.00","53,410.00","2,670.00","10,682.00",167,03/07/2026,Check-off
LN26173,UT00218,School Fees Loan,"300,000.00","225,400.00","16,100.00",0.00,0.00,0.00,0,05/11/2025,Bank
LN26174,UT00219,Development Loan,"80,000.00","77,300.00","4,290.00",0.00,0.00,0.00,0,05/03/2026,Check-off
LN26175,UT00220,Biashara Loan,"200,000.00","94,590.00","13,510.00",0.00,0.00,0.00,0,06/10/2025,Check-off
LN26176,UT00221,Biashara Loan,"1,200,000.00","1,733,600.00","39,400.00","39,400.00",0.00,"7,880.00",7,04/05/2026,Check-off
LN26177,UT00222,Development Loan,"50,000.00","27,000.00","3,380.00","3,380.00",0.00,676.00,7,05/11/2025,Bank
LN26178,UT00223,Biashara Loan,"100,000.00","20,200.00","6,760.00","6,760.00",0.00,"1,352.00",15,08/06/2025,M-Pesa
LN26179,UT00224,Development Loan,"100,000.00","76,280.00","9,530.00","28,590.00","1,430.00","5,718.00",67,04/05/2026,Check-off
LN26180,UT00226,School Fees Loan,"200,000.00","131,240.00","6,570.00",0.00,0.00,0.00,0,14/05/2024,Check-off
LN26181,UT00227,School Fees Loan,"50,000.00","57,420.00","3,380.00",0.00,0.00,0.00,0,02/08/2026,Check-off
LN26182,UT00228,School Fees Loan,"600,000.00","689,500.00","19,700.00","39,400.00","1,970.00","7,880.00",37,07/08/2025,Check-off
LN26183,UT00231,School Fees Loan,"50,000.00","10,100.00","3,380.00","3,380.00",0.00,676.00,7,08/06/2025,Check-off
LN26184,UT00232,Development Loan,"900,000.00","1,062,600.00","48,300.00","48,300.00",0.00,"9,660.00",3,03/07/2026,Check-off
LN26185,UT00233,Emergency Loan,"300,000.00","315,200.00","9,850.00",0.00,0.00,0.00,0,09/05/2025,Check-off
LN26186,UT00234,School Fees Loan,"150,000.00","161,000.00","8,050.00","8,050.00",0.00,"1,610.00",6,04/05/2026,Check-off
LN26187,UT00235,Development Loan,"600,000.00","551,600.00","19,700.00","19,700.00",0.00,"3,940.00",1,09/01/2025,Check-off
LN26188,UT00236,Biashara Loan,"450,000.00","554,900.00","17,900.00",0.00,0.00,0.00,0,04/04/2026,M-Pesa
LN26189,UT00237,School Fees Loan,"600,000.00","286,320.00","23,870.00",0.00,0.00,0.00,0,11/09/2024,Check-off
LN26190,UT00238,School Fees Loan,"80,000.00","95,480.00","3,180.00",0.00,0.00,0.00,0,05/03/2026,Check-off
LN26191,UT00239,School Fees Loan,"900,000.00","912,000.00","60,800.00",0.00,0.00,0.00,0,03/06/2026,M-Pesa
LN26192,UT00240,Development Loan,"300,000.00","23,980.00","11,930.00",0.00,0.00,0.00,0,16/11/2023,Bank
LN26193,UT00241,Development Loan,"50,000.00","33,350.00","4,770.00","9,540.00",477.00,"1,908.00",52,04/04/2026,M-Pesa
LN26194,UT00242,Emergency Loan,"300,000.00","81,020.00","20,270.00",0.00,0.00,0.00,0,08/07/2025,Check-off
LN26195,UT00243,Emergency Loan,"450,000.00","289,800.00","24,150.00",0.00,0.00,0.00,0,06/09/2025,Check-off
LN26196,UT00244,Biashara Loan,"900,000.00","858,000.00","85,800.00",0.00,0.00,0.00,0,03/07/2026,Bank
LN26197,UT00245,Emergency Loan,"100,000.00","95,280.00","3,280.00","3,280.00",0.00,656.00,4,08/02/2025,M-Pesa
LN26198,UT00246,Development Loan,"600,000.00","171,600.00","57,200.00",0.00,0.00,0.00,0,05/12/2025,M-Pesa
LN26199,UT00247,School Fees Loan,"600,000.00","283,770.00","40,530.00",0.00,0.00,0.00,0,06/10/2025,Check-off
LN26200,UT00248,School Fees Loan,"450,000.00","471,900.00","42,900.00","42,900.00",0.00,"8,580.00",26,02/08/2026,Check-off
LN26201,UT00249,School Fees Loan,"200,000.00","295,490.00","6,570.00","13,140.00",657.00,"2,628.00",41,03/06/2026,M-Pesa
LN26202,UT00250,School Fees Loan,"200,000.00","150,300.00","10,730.00",0.00,0.00,0.00,0,05/11/2025,Check-off
LN26203,UT00251,Biashara Loan,"200,000.00","152,520.00","19,070.00",0.00,0.00,0.00,0,04/05/2026,Check-off
LN26204,UT00252,School Fees Loan,"1,200,000.00","1,297,060.00","81,070.00","810,700.00","40,535.00","162,140.00",178,03/07/2026,M-Pesa
LN26205,UT00253,Emergency Loan,"300,000.00","95,560.00","11,930.00","11,930.00",0.00,"2,386.00",12,14/05/2024,Check-off
LN26206,UT00254,Emergency Loan,"300,000.00","171,600.00","28,600.00","57,200.00","2,860.00","11,440.00",36,05/03/2026,M-Pesa
LN26207,UT00258,Biashara Loan,"50,000.00","29,600.00","1,640.00","4,920.00",246.00,984.00,76,15/03/2024,Check-off
LN26208,UT00259,Development Loan,"150,000.00","96,600.00","8,050.00",0.00,0.00,0.00,0,06/09/2025,M-Pesa
LN26209,UT00260,Biashara Loan,"50,000.00","38,120.00","4,770.00",0.00,0.00,0.00,0,04/05/2026,M-Pesa
LN26210,UT00261,Biashara Loan,"150,000.00","59,580.00","5,970.00",0.00,0.00,0.00,0,13/07/2024,Bank
LN26211,UT00262,School Fees Loan,"1,200,000.00","716,070.00","47,730.00","95,460.00","4,773.00","19,092.00",54,10/12/2024,M-Pesa
LN26212,UT00263,Biashara Loan,"80,000.00","26,140.00","2,630.00","10,520.00",526.00,"2,104.00",356,19/07/2023,Bank
LN26213,UT00264,Development Loan,"150,000.00","111,490.00","10,130.00",0.00,0.00,0.00,0,03/02/2026,M-Pesa
LN26214,UT00265,Biashara Loan,"1,200,000.00","457,600.00","114,400.00",0.00,0.00,0.00,0,04/01/2026,Check-off
LN26215,UT00266,School Fees Loan,"100,000.00","119,320.00","3,980.00",0.00,0.00,0.00,0,05/03/2026,M-Pesa
LN26216,UT00267,Emergency Loan,"1,200,000.00","915,200.00","114,400.00",0.00,0.00,0.00,0,04/05/2026,Bank
LN26217,UT00268,Emergency Loan,"80,000.00","73,220.00","3,180.00",0.00,0.00,0.00,0,07/08/2025,M-Pesa
LN26218,UT00269,Emergency Loan,"900,000.00","85,800.00","85,800.00","85,800.00",0.00,"17,160.00",27,06/10/2025,Bank
LN26219,UT00270,Development Loan,"900,000.00","171,600.00","85,800.00",0.00,0.00,0.00,0,05/11/2025,Check-off
LN26220,UT00271,Biashara Loan,"50,000.00","3,360.00","1,640.00","3,280.00",164.00,656.00,37,21/11/2022,Check-off
LN26221,UT00273,School Fees Loan,"100,000.00","20,200.00","6,760.00","6,760.00",0.00,"1,352.00",21,08/06/2025,M-Pesa
LN26222,UT00274,Development Loan,"150,000.00","131,220.00","5,970.00",0.00,0.00,0.00,0,08/07/2025,Bank
LN26223,UT00275,School Fees Loan,"50,000.00","2,760.00","2,680.00",0.00,0.00,0.00,0,11/10/2024,M-Pesa
LN26224,UT00276,Development Loan,"100,000.00","81,040.00","6,760.00","13,520.00",676.00,"2,704.00",37,05/03/2026,Check-off
LN26225,UT00277,Development Loan,"1,200,000.00","729,570.00","81,070.00","81,070.00",0.00,"16,214.00",21,05/12/2025,Check-off
LN26226,UT00278,Emergency Loan,"50,000.00","59,660.00","1,990.00","1,990.00",0.00,398.00,25,05/03/2026,Bank
LN26227,UT00279,Emergency Loan,"100,000.00","47,240.00","6,760.00",0.00,0.00,0.00,0,06/10/2025,Check-off
LN26228,UT00281,Emergency Loan,"450,000.00","96,600.00","24,150.00",0.00,0.00,0.00,0,09/01/2025,M-Pesa
LN26229,UT00282,School Fees Loan,"600,000.00","514,800.00","57,200.00",0.00,0.00,0.00,0,03/06/2026,Check-off
LN26230,UT00283,Biashara Loan,"200,000.00","54,060.00","13,510.00",0.00,0.00,0.00,0,08/07/2025,Bank
LN26231,UT00284,Emergency Loan,"200,000.00","15,760.00","7,960.00",0.00,0.00,0.00,0,16/11/2023,M-Pesa
LN26232,UT00285,Biashara Loan,"300,000.00","369,950.00","11,930.00",0.00,0.00,0.00,0,04/04/2026,M-Pesa
LN26233,UT00286,Development Loan,"450,000.00","91,200.00","30,400.00","30,400.00",0.00,"6,080.00",26,08/06/2025,M-Pesa
LN26234,UT00288,Biashara Loan,"300,000.00","68,950.00","9,850.00","9,850.00",0.00,"1,970.00",6,20/04/2023,Bank
LN26235,UT00289,Development Loan,"100,000.00","19,840.00","3,280.00",0.00,0.00,0.00,0,21/03/2023,Check-off
LN26236,UT00291,School Fees Loan,"300,000.00","179,070.00","11,930.00",0.00,0.00,0.00,0,10/12/2024,M-Pesa
LN26237,UT00292,Emergency Loan,"100,000.00","39,520.00","3,280.00",0.00,0.00,0.00,0,17/09/2023,Check-off
LN26238,UT00293,Biashara Loan,"100,000.00","19,100.00","9,530.00",0.00,0.00,0.00,0,05/11/2025,Check-off
LN26239,UT00294,School Fees Loan,"200,000.00","75,190.00","10,730.00","21,460.00","1,073.00","4,292.00",42,09/04/2025,Check-off
LN26240,UT00295,School Fees Loan,"600,000.00","343,200.00","57,200.00",0.00,0.00,0.00,0,05/03/2026,Check-off
LN26241,UT00296,School Fees Loan,"450,000.00","257,400.00","42,900.00","42,900.00",0.00,"8,580.00",28,05/03/2026,M-Pesa
LN26242,UT00298,Emergency Loan,"600,000.00","202,710.00","40,530.00",0.00,0.00,0.00,0,07/08/2025,M-Pesa
LN26243,UT00299,Development Loan,"100,000.00","54,000.00","6,760.00",0.00,0.00,0.00,0,05/11/2025,Check-off
LN26244,UT00300,Development Loan,"80,000.00","68,630.00","7,630.00",0.00,0.00,0.00,0,03/06/2026,Check-off
LN26245,UT00301,Biashara Loan,"100,000.00","91,460.00","3,980.00",0.00,0.00,0.00,0,07/08/2025,Bank
LN26246,UT00302,Development Loan,"100,000.00","128,080.00","3,280.00","13,120.00",656.00,"2,624.00",110,05/12/2025,Check-off
LN26247,UT00303,Emergency Loan,"50,000.00","28,580.00","4,770.00","4,770.00",0.00,954.00,6,05/03/2026,Check-off
LN26248,UT00304,Emergency Loan,"100,000.00","85,810.00","9,530.00",0.00,0.00,0.00,0,03/06/2026,M-Pesa
LN26249,UT00305,Biashara Loan,"450,000.00","265,650.00","24,150.00",0.00,0.00,0.00,0,07/08/2025,Check-off
LN26250,UT00306,School Fees Loan,"50,000.00","40,520.00","3,380.00",0.00,0.00,0.00,0,05/03/2026,M-Pesa
LN26251,UT00307,Development Loan,"50,000.00","3,940.00","1,990.00",0.00,0.00,0.00,0,16/11/2023,Check-off
LN26252,UT00308,Development Loan,"900,000.00","1,388,850.00","29,550.00",0.00,0.00,0.00,0,02/08/2026,Check-off
LN26253,UT00309,Development Loan,"300,000.00","35,910.00","11,930.00","35,790.00","1,790.00","7,158.00",88,16/12/2023,Check-off
LN26254,UT00311,Emergency Loan,"100,000.00","95,440.00","3,980.00",0.00,0.00,0.00,0,06/09/2025,Check-off
LN26255,UT00312,School Fees Loan,"50,000.00","5,000.00","1,640.00",0.00,0.00,0.00,0,21/12/2022,M-Pesa
LN26256,UT00313,School Fees Loan,"150,000.00","113,400.00","4,920.00","4,920.00",0.00,984.00,4,12/08/2024,Check-off
LN26257,UT00317,Emergency Loan,"300,000.00","274,510.00","11,930.00",0.00,0.00,0.00,0,07/08/2025,Check-off
LN26258,UT00318,School Fees Loan,"1,200,000.00","228,800.00","114,400.00",0.00,0.00,0.00,0,05/11/2025,M-Pesa
LN26259,UT00319,Biashara Loan,"300,000.00","40,480.00","20,270.00","40,480.00","2,024.00","8,096.00",88,09/05/2025,M-Pesa
