Member No,Name,Phone,ID Number,Employer,Date Joined,Deposits,Share Capital,Gross Pay,Net Pay,Balances As At
UT00001,Samuel Ochieng,0752601815,27204075,,29/07/2024,"95,540.00","10,000.00",,,31/08/2026
UT00002,Imani Ochieng,0701661318,24154104,,02/06/2022,"18,170.00","5,000.00",,,31/08/2026
UT00003,Achieng Wanyama,0739099603,29717675,,24/03/2026,"50,010.00","10,000.00",,,31/08/2026
UT00004,Wekesa Mohamed,0762819482,26303905,,09/07/2024,"172,020.00","20,000.00",,,31/08/2026
UT00005,John Okoth,0751819093,35623006,Tumaini Schools Ltd,25/11/2021,"250,270.00","2,000.00","63,900.00","38,300.00",31/08/2026
UT00006,Ruth Wafula,0797543231,35060376,Tumaini Schools Ltd,13/11/2021,"245,740.00","10,000.00","126,000.00","56,700.00",31/08/2026
UT00007,Atieno Simiyu,0749118625,22604511,Mwangaza County Payroll,13/01/2019,"172,310.00","10,000.00","101,700.00","45,800.00",31/08/2026
UT00008,Peter Mutiso,0789555979,29057659,,11/01/2022,"216,810.00","10,000.00",,,31/08/2026
UT00009,Amina Kariuki,0771049746,31927396,,09/09/2020,"288,050.00","10,000.00",,,31/08/2026
UT00010,Muthoni Rotich,0729170342,22703859,Tumaini Schools Ltd,04/12/2020,"755,320.00","10,000.00","114,300.00","43,400.00",31/08/2026
UT00011,Jeptoo Kimani,0727684268,32765491,Tumaini Schools Ltd,07/05/2017,"27,350.00","20,000.00","86,500.00","38,900.00",31/08/2026
UT00012,John Macharia,0732122330,28816313,,17/08/2024,"533,610.00","20,000.00",,,31/08/2026
UT00013,Halima Kiplagat,0740268599,37297022,,16/07/2024,"104,700.00","20,000.00",,,31/08/2026
UT00014,Wekesa Cheruiyot,0790786666,22088690,,21/08/2024,"771,370.00","20,000.00",,,31/08/2026
UT00015,Kamau Wambui,0731372159,38005935,Mwangaza County Payroll,07/10/2016,"24,930.00","5,000.00","128,000.00","39,700.00",31/08/2026
UT00016,Atieno Nyaga,0715901396,32219297,Tumaini Schools Ltd,11/04/2018,"373,680.00","10,000.00","86,200.00","26,700.00",31/08/2026
UT00017,Njeri Kiplagat,0771177774,28883767,Tumaini Schools Ltd,29/04/2021,"587,930.00","2,000.00","38,600.00","23,200.00",31/08/2026
UT00018,Esther Simiyu,0772803852,23053807,Tumaini Schools Ltd,02/10/2022,"133,270.00","2,000.00","72,600.00","37,800.00",31/08/2026
UT00019,Mary Gitau,0748525388,26548014,,19/03/2016,"540,250.00","2,000.00",,,31/08/2026
UT00020,Otieno Oduya,0736338750,26497646,Tumaini Schools Ltd,12/08/2019,"491,080.00","5,000.00","97,000.00","43,600.00",31/08/2026
UT00021,Kibet Cheruiyot,0795755131,36195157,Mwangaza County Payroll,11/02/2016,"303,480.00","5,000.00","97,000.00","58,200.00",31/08/2026
UT00022,Omondi Cheruiyot,0799075116,34560109,,30/10/2024,"323,630.00","10,000.00",,,31/08/2026
UT00023,Kiprop Kariuki,0751676122,24904795,Tumaini Schools Ltd,15/09/2025,"744,660.00","5,000.00","107,200.00","55,700.00",31/08/2026
UT00024,Otieno Kariuki,0799752882,23448457,,31/08/2020,"505,140.00","20,000.00",,,31/08/2026
UT00025,Nduta Ndungu,0782633043,28702838,Tumaini Schools Ltd,30/04/2022,"796,090.00","20,000.00","104,000.00","32,200.00",31/08/2026
UT00026,Neema Macharia,0786205798,36832545,,10/12/2024,"206,200.00","5,000.00",,,31/08/2026
UT00027,Joyce Kariuki,0728288072,25026537,,06/01/2024,"279,610.00","10,000.00",,,31/08/2026
UT00028,James Ndungu,0722791805,23560441,,02/09/2022,"162,040.00","10,000.00",,,31/08/2026
UT00029,Faith Wanyama,0780334018,34872948,Mwangaza County Payroll,22/03/2017,"112,440.00","5,000.00","79,700.00","41,400.00",31/08/2026
UT00030,Mary Wanyama,0759898347,37037325,,05/08/2024,"844,800.00","2,000.00",,,31/08/2026
UT00031,Chebet Rotich,0738483726,28074496,Mwangaza County Payroll,19/07/2018,"5,000.00","2,000.00","132,300.00","68,800.00",31/08/2026
UT00032,Odhiambo Mwende,0761341252,27368144,Tumaini Schools Ltd,29/07/2026,"533,480.00","10,000.00","133,400.00","50,700.00",31/08/2026
UT00033,Baraka Gitau,0716723268,30687944,Tumaini Schools Ltd,14/10/2023,"24,910.00","20,000.00","138,800.00","43,000.00",31/08/2026
UT00034,Zawadi Gitau,0715058770,37188669,Tumaini Schools Ltd,03/11/2020,"137,350.00","5,000.00","102,400.00","53,200.00",31/08/2026
UT00035,Nyambura Musyoka,0711311440,34168499,,02/07/2026,"8,130.00","5,000.00",,,31/08/2026
UT00036,Njeri Musyoka,0746288975,34271271,Mwangaza County Payroll,02/07/2017,"868,340.00","20,000.00","165,700.00","36,500.00",31/08/2026
UT00037,Mutua Musyoka,0714014193,35226112,,06/07/2021,"7,030.00","5,000.00",,,31/08/2026
UT00038,James Kimani,0705864920,25417332,Mwangaza County Payroll,06/07/2020,"123,190.00","20,000.00","83,000.00","49,800.00",31/08/2026
UT00039,Nduta Onyango,0740234483,29077224,Mwangaza County Payroll,03/10/2024,"368,730.00","10,000.00","55,500.00","28,900.00",31/08/2026
UT00040,Omondi Ndungu,0750400088,23566210,Tumaini Schools Ltd,23/04/2022,"91,450.00","5,000.00","164,600.00","36,200.00",31/08/2026
UT00041,Juma Owino,0767868433,24688185,,18/12/2025,"303,480.00","10,000.00",,,31/08/2026
UT00042,Mwangi Ochieng,0767868433,36976626,Tumaini Schools Ltd,25/12/2023,"12,410.00","2,000.00","75,700.00","16,700.00",31/08/2026
UT00043,Jeptoo Onyango,0749340722,31036930,Tumaini Schools Ltd,12/07/2018,"370,020.00","2,000.00","189,200.00","98,400.00",31/08/2026
UT00044,Wanjiku Gitau,0785304352,29359299,Tumaini Schools Ltd,29/05/2026,"9,330.00","2,000.00","129,600.00","49,200.00",31/08/2026
UT00045,Atieno Rotich,0783380141,33219729,,26/06/2022,"309,800.00","20,000.00",,,31/08/2026
UT00046,Joyce Rotich,0704431982,36582290,,12/11/2017,"734,910.00","5,000.00",,,31/08/2026
UT00047,Kiprop Simiyu,0724920868,39597852,Mwangaza County Payroll,06/06/2017,"407,530.00","20,000.00","66,800.00","34,700.00",31/08/2026
UT00048,Faith Wanyama,0731002516,37832296,Mwangaza County Payroll,06/01/2018,"28,840.00","10,000.00","39,000.00","17,600.00",31/08/2026
UT00049,Njeri Okoth,0737407188,28462210,Tumaini Schools Ltd,13/06/2024,"16,630.00","10,000.00","52,400.00","11,500.00",31/08/2026
UT00050,Mutua Cheruiyot,0714333776,29640831,,07/09/2016,"168,410.00","20,000.00",,,31/08/2026
UT00051,Barasa Kilonzo,0709319254,20418397,,07/06/2018,"156,080.00","10,000.00",,,31/08/2026
UT00052,James Wafula,0770741374,23976296,Tumaini Schools Ltd,04/07/2016,"823,440.00","10,000.00","146,400.00","55,600.00",31/08/2026
UT00053,Mutua Macharia,0783417047,29014641,Tumaini Schools Ltd,04/03/2022,"24,740.00","10,000.00","105,400.00","40,100.00",31/08/2026
UT00054,Odhiambo Akinyi,0763319128,23780831,Tumaini Schools Ltd,15/08/2017,"4,770.00","10,000.00","109,900.00","41,800.00",31/08/2026
UT00055,John Okoth,0753776020,24721350,Tumaini Schools Ltd,11/02/2017,"847,390.00","20,000.00","64,500.00","38,700.00",31/08/2026
UT00056,Juma Macharia,0765651505,20393312,Mwangaza County Payroll,28/07/2018,"363,820.00","10,000.00","123,200.00","55,400.00",31/08/2026
UT00057,Hassan Simiyu,0744516691,21619608,Tumaini Schools Ltd,27/03/2018,"712,600.00","20,000.00","126,900.00","76,100.00",31/08/2026
UT00058,Mary Gitau,0741042346,34352828,Tumaini Schools Ltd,13/05/2022,"28,060.00","10,000.00","154,400.00","34,000.00",31/08/2026
UT00059,Faith Kilonzo,0706883106,29603557,,23/07/2019,"24,000.00","10,000.00",,,31/08/2026
UT00060,Nduta Wafula,0770822765,33630121,Tumaini Schools Ltd,31/03/2023,"206,350.00","5,000.00","179,900.00","68,400.00",31/08/2026
UT00061,Mutua Owino,0734786122,38467907,Tumaini Schools Ltd,01/07/2022,"77,240.00","10,000.00","158,600.00","49,200.00",31/08/2026
UT00062,Muthoni Mutiso,0737576283,30713518,Mwangaza County Payroll,17/12/2023,"163,970.00","10,000.00","79,500.00","24,600.00",31/08/2026
UT00063,Neema Langat,0735493066,29067744,Tumaini Schools Ltd,10/06/2023,"888,580.00","10,000.00","136,600.00","71,000.00",31/08/2026
UT00064,James Nyaga,0750749528,27246520,,02/07/2021,"305,360.00","5,000.00",,,31/08/2026
UT00065,Otieno Kiplagat,0714366764,39702373,Tumaini Schools Ltd,29/05/2016,"461,400.00","10,000.00","129,000.00","28,400.00",31/08/2026
UT00066,Wekesa Kosgei,0770168773,35345282,Mwangaza County Payroll,14/02/2017,"63,130.00","10,000.00","59,800.00","26,900.00",31/08/2026
UT00067,Barasa Kiplagat,0718002390,37725234,,16/11/2019,"119,420.00","20,000.00",,,31/08/2026
UT00068,Zawadi Musyoka,0761114893,20351034,Mwangaza County Payroll,08/04/2018,"25,670.00","10,000.00","81,200.00","30,900.00",31/08/2026
UT00069,Muthoni Wanyama,0784745378,30314559,Tumaini Schools Ltd,01/10/2025,"73,400.00","20,000.00","176,700.00","67,100.00",31/08/2026
UT00070,Imani Simiyu,0700376143,21144119,Tumaini Schools Ltd,15/09/2016,"131,370.00","20,000.00","98,400.00","51,200.00",31/08/2026
UT00071,Mutua Owino,0756563048,30459444,Mwangaza County Payroll,09/05/2022,"23,980.00","10,000.00","74,100.00","38,500.00",31/08/2026
UT00072,John Kilonzo,0733734419,36275669,Mwangaza County Payroll,12/03/2020,"148,840.00","20,000.00","91,800.00","34,900.00",31/08/2026
UT00073,Joyce Kiplagat,0760926030,26177532,Mwangaza County Payroll,13/11/2024,"2,540.00","10,000.00","57,600.00","21,900.00",31/08/2026
UT00074,Nyambura Nyaga,0767511253,35690583,,10/03/2016,"856,910.00","5,000.00",,,31/08/2026
UT00075,Wanjiku Mutiso,0704655721,34099007,Tumaini Schools Ltd,14/12/2018,"70,310.00","2,000.00","189,200.00","98,400.00",31/08/2026
UT00076,Kamau Kimani,0718365461,38170699,Tumaini Schools Ltd,03/07/2019,"834,450.00","10,000.00","64,400.00","33,500.00",31/08/2026
UT00077,Baraka Ochieng,0773557063,22099834,Tumaini Schools Ltd,04/07/2026,"11,310.00","2,000.00","41,400.00","18,600.00",31/08/2026
UT00078,Juma Kilonzo,0704319554,29248619,Tumaini Schools Ltd,11/05/2023,"708,040.00","20,000.00","163,000.00","61,900.00",31/08/2026
UT00079,Peter Muriuki,0740910317,34426328,Tumaini Schools Ltd,17/12/2016,"390,360.00","20,000.00","146,300.00","32,200.00",31/08/2026
UT00080,Muthoni Gitau,0772720429,35461251,,25/11/2024,"27,020.00","10,000.00",,,31/08/2026
UT00081,Neema Mutiso,0759183623,36162831,,30/09/2020,"206,190.00","10,000.00",,,31/08/2026
UT00082,Daniel Mutiso,0788526114,36726054,Tumaini Schools Ltd,16/10/2021,"206,030.00","5,000.00","140,500.00","63,200.00",31/08/2026
UT00083,Esther Too,0772326793,24065613,,11/06/2017,"247,550.00","10,000.00",,,31/08/2026
UT00084,Omondi Onyango,0744494544,27902203,Mwangaza County Payroll,23/11/2021,"312,930.00","10,000.00","40,600.00","21,100.00",31/08/2026
UT00085,Muthoni Ndungu,0724935164,35566427,Mwangaza County Payroll,03/02/2025,"265,310.00","10,000.00","181,500.00","94,400.00",31/08/2026
UT00086,Nduta Kosgei,0701073750,39568735,Mwangaza County Payroll,20/09/2019,"202,050.00","10,000.00","55,000.00","17,000.00",31/08/2026
UT00087,Wanjiku Wambui,0731582794,31733972,,20/07/2016,"176,730.00","5,000.00",,,31/08/2026
UT00088,Achieng Kilonzo,0730552034,26826373,,16/11/2023,"4,580.00","10,000.00",,,31/08/2026
UT00089,Wairimu Ochieng,0705652941,38389333,,17/12/2017,"161,280.00","20,000.00",,,31/08/2026
UT00090,Njeri Nyaga,0771616828,33750234,Tumaini Schools Ltd,20/07/2024,"537,940.00","5,000.00","74,500.00","28,300.00",31/08/2026
UT00091,Neema Kariuki,0744604956,32206477,,04/02/2016,"637,350.00","2,000.00",,,31/08/2026
UT00092,Chebet Macharia,0736630626,35465446,Tumaini Schools Ltd,09/06/2017,"88,060.00","10,000.00","93,600.00","56,200.00",31/08/2026
UT00093,Ruth Kilonzo,0722008261,36926971,,10/09/2021,"813,960.00","10,000.00",,,31/08/2026
UT00094,Wekesa Rotich,0722542821,30120529,Mwangaza County Payroll,14/06/2025,"99,590.00","5,000.00","135,200.00","60,800.00",31/08/2026
UT00095,Daniel Kimani,0720750961,25377975,,24/03/2016,"758,630.00","2,000.00",,,31/08/2026
UT00096,Wairimu Ochieng,0739693729,32870687,Mwangaza County Payroll,19/08/2017,"580,240.00","5,000.00","65,800.00","34,200.00",31/08/2026
UT00097,Halima Wambui,0751233080,38456676,Tumaini Schools Ltd,09/08/2016,"13,260.00","2,000.00","186,300.00","41,000.00",31/08/2026
UT00098,Faith Ndungu,0746493665,20117712,Mwangaza County Payroll,14/03/2018,"27,840.00","10,000.00","153,500.00","69,100.00",31/08/2026
UT00099,Grace Rotich,0797737972,32031782,Mwangaza County Payroll,16/10/2023,"8,310.00","20,000.00","167,200.00","86,900.00",31/08/2026
UT00100,Kiprop Mutiso,0765178800,30526892,,18/11/2022,"18,560.00","10,000.00",,,31/08/2026
UT00101,Daniel Langat,0781086201,23677164,,27/03/2022,"2,690.00","10,000.00",,,31/08/2026
UT00102,Daniel Muriuki,0732742315,29227220,Tumaini Schools Ltd,03/05/2024,"82,630.00","20,000.00","92,900.00","55,700.00",31/08/2026
UT00103,Daniel Ndungu,0772487394,21235912,Tumaini Schools Ltd,12/05/2024,"28,380.00","10,000.00","96,400.00","57,800.00",31/08/2026
UT00104,Odhiambo Wambui,0732624562,21629791,,02/07/2026,"660,020.00","10,000.00",,,31/08/2026
UT00105,Baraka Langat,0757889148,28883674,,19/02/2023,"15,520.00","10,000.00",,,31/08/2026
UT00106,Kibet Njoroge,0765925517,21620392,,27/12/2017,"371,050.00","5,000.00",,,31/08/2026
UT00107,Kibet Kiplagat,0748449500,34015248,Tumaini Schools Ltd,30/12/2015,"110,620.00","20,000.00","88,700.00","19,500.00",31/08/2026
UT00108,Otieno Ochieng,0785027390,30191782,Tumaini Schools Ltd,24/02/2018,"57,240.00","2,000.00","180,100.00","68,400.00",31/08/2026
UT00109,Samuel Kiplagat,0718583694,25322519,Tumaini Schools Ltd,10/03/2024,"822,960.00","10,000.00","183,200.00","40,300.00",31/08/2026
UT00110,Jeptoo Rotich,0720327112,20385743,,23/06/2017,"211,380.00","10,000.00",,,31/08/2026
UT00111,John Kosgei,0708599798,21476461,Mwangaza County Payroll,06/07/2023,"588,720.00","5,000.00","68,200.00","25,900.00",31/08/2026
UT00112,Wekesa Kariuki,0708062320,26618885,,23/12/2020,"820,070.00","10,000.00",,,31/08/2026
UT00113,Nyambura Ndungu,0726389869,21627080,Tumaini Schools Ltd,03/03/2023,"10,620.00","5,000.00","71,100.00","22,000.00",31/08/2026
UT00114,Nyambura Kosgei,0778066717,28772025,,10/02/2017,"252,710.00","5,000.00",,,31/08/2026
UT00115,Imani Okoth,0730154048,37557176,,15/02/2016,"7,030.00","5,000.00",,,31/08/2026
UT00116,Muthoni Macharia,0744318024,25341406,,30/08/2019,"11,250.00","10,000.00",,,31/08/2026
UT00117,Grace Cheruiyot,0753659368,20214134,,06/06/2017,"421,630.00","10,000.00",,,31/08/2026
UT00118,Samuel Mutiso,0706394369,25756130,,14/06/2024,"17,630.00","10,000.00",,,31/08/2026
UT00119,Atieno Kimani,0720011925,24644006,Mwangaza County Payroll,04/07/2022,"169,460.00","2,000.00","48,000.00","25,000.00",31/08/2026
UT00120,Mutua Mwende,0701019538,32879622,,14/03/2022,"488,740.00","10,000.00",,,31/08/2026
UT00121,Nduta Cheruiyot,0713331001,26878438,Mwangaza County Payroll,26/01/2022,"163,320.00","20,000.00","174,700.00","54,200.00",31/08/2026
UT00122,Nduta Ochieng,0745564054,32348846,,05/10/2021,"833,050.00","10,000.00",,,31/08/2026
UT00123,Otieno Mbugua,0759874906,31636061,Mwangaza County Payroll,07/08/2024,"860,290.00","5,000.00","183,500.00","110,100.00",31/08/2026
UT00124,Mwangi Mbugua,0770893194,29674905,Mwangaza County Payroll,29/12/2015,"444,250.00","10,000.00","94,300.00","29,200.00",31/08/2026
UT00125,Samuel Akinyi,0700571727,37285239,,26/09/2023,"21,520.00","20,000.00",,,31/08/2026
UT00126,Chebet Nyaga,0749243372,36451459,,12/04/2021,"869,320.00","2,000.00",,,31/08/2026
UT00127,Imani Mwende,0781551661,32480570,,15/07/2024,"16,600.00","10,000.00",,,31/08/2026
UT00128,Kibet Onyango,0734468826,31693231,Mwangaza County Payroll,05/10/2023,"10,290.00","10,000.00","87,800.00","27,200.00",31/08/2026
UT00129,Peter Onyango,0795827852,28630632,,03/05/2022,"8,310.00","10,000.00",,,31/08/2026
UT00130,Jeptoo Wafula,0793257383,25187325,,24/11/2025,"877,140.00","10,000.00",,,31/08/2026
UT00131,Halima Owino,0723598523,25523110,Mwangaza County Payroll,21/11/2021,"562,310.00","2,000.00","153,800.00","92,300.00",31/08/2026
UT00132,Jeptoo Owino,0713622446,29422232,Mwangaza County Payroll,25/07/2020,"474,490.00","10,000.00","139,400.00","30,700.00",31/08/2026
UT00133,Mary Nyaga,0736700663,24758438,Mwangaza County Payroll,18/01/2017,"540,560.00","5,000.00","81,300.00","30,900.00",31/08/2026
UT00134,Neema Too,0749603699,26090295,Mwangaza County Payroll,25/05/2016,"277,200.00","5,000.00","79,200.00","35,600.00",31/08/2026
UT00135,Baraka Kimani,0717654163,25249872,,27/03/2026,"3,760.00","10,000.00",,,31/08/2026
UT00136,Nyambura Mwende,0746770968,20356754,,02/05/2021,"25,340.00","10,000.00",,,31/08/2026
UT00137,Omondi Ndungu,0767104832,38154132,Tumaini Schools Ltd,30/08/2025,"550,340.00","2,000.00","68,300.00","35,500.00",31/08/2026
UT00138,Peter Owino,0737805856,26167393,,10/11/2017,"176,920.00","2,000.00",,,31/08/2026
UT00139,Zawadi Rotich,0768195044,34045297,Mwangaza County Payroll,23/12/2015,"88,250.00","10,000.00","135,900.00","29,900.00",31/08/2026
UT00140,James Kosgei,0765941346,33152087,,10/02/2019,"635,700.00","20,000.00",,,31/08/2026
UT00141,Kibet Macharia,0773221378,31849134,,18/10/2021,"577,330.00","2,000.00",,,31/08/2026
UT00142,Jeptoo Kimani,0767482753,34297693,Tumaini Schools Ltd,26/10/2022,"8,090.00","20,000.00","126,700.00","48,100.00",31/08/2026
UT00143,Grace Cheruiyot,0727045345,32161186,Mwangaza County Payroll,23/05/2021,"876,000.00","2,000.00","69,600.00","41,800.00",31/08/2026
UT00144,James Macharia,0724601952,20385173,Mwangaza County Payroll,29/01/2016,"106,970.00","20,000.00","161,800.00","50,200.00",31/08/2026
UT00145,Kibet Njoroge,0731449192,31624734,,01/12/2021,"462,780.00","10,000.00",,,31/08/2026
UT00146,David Oduya,0723682991,29967134,,26/08/2018,"90,640.00","20,000.00",,,31/08/2026
UT00147,Chebet Musyoka,0737381718,35879359,Mwangaza County Payroll,08/12/2023,"124,800.00","2,000.00","63,200.00","28,400.00",31/08/2026
UT00148,John Njoroge,0778077273,25380701,Mwangaza County Payroll,02/04/2026,"549,200.00","2,000.00","102,100.00","45,900.00",31/08/2026
UT00149,Neema Okoth,0757974756,20957291,Tumaini Schools Ltd,13/10/2016,"899,190.00","5,000.00","144,100.00","86,500.00",31/08/2026
UT00150,Atieno Ochieng,0709051877,24258110,Tumaini Schools Ltd,15/11/2022,"460,530.00","20,000.00","86,900.00","45,200.00",31/08/2026
UT00151,Nduta Mbugua,0751557883,38590081,Tumaini Schools Ltd,02/03/2023,"111,250.00","5,000.00","85,900.00","44,700.00",31/08/2026
UT00152,Jeptoo Too,0704457658,36515255,Mwangaza County Payroll,29/04/2019,"154,100.00","10,000.00","152,900.00","79,500.00",31/08/2026
UT00153,Achieng Rotich,0715354291,33624077,,22/01/2025,"590,740.00","10,000.00",,,31/08/2026
UT00154,Omondi Macharia,0789064100,22018257,,27/02/2025,"23,980.00","5,000.00",,,31/08/2026
UT00155,Wairimu Ochieng,0788969291,35363880,,23/01/2023,"695,810.00","20,000.00",,,31/08/2026
UT00156,Kiprop Oduya,0721206105,30134793,Tumaini Schools Ltd,01/07/2017,"13,870.00","20,000.00","51,500.00","16,000.00",31/08/2026
UT00157,Kamau Cheruiyot,0726050699,21321354,,02/05/2016,"427,250.00","2,000.00",,,31/08/2026
UT00158,Joyce Mohamed,0716967106,25210868,,02/08/2026,"17,170.00","10,000.00",,,31/08/2026
UT00159,Wanjiku Mbugua,0776811732,22957463,Mwangaza County Payroll,27/10/2025,"168,380.00","20,000.00","181,800.00","81,800.00",31/08/2026
UT00160,Faith Langat,0731270493,21682375,,28/06/2018,"25,940.00","10,000.00",,,31/08/2026
UT00161,Kamau Kimani,0752148774,20494242,Mwangaza County Payroll,19/08/2020,"25,380.00","5,000.00","179,400.00","55,600.00",31/08/2026
UT00162,Joyce Ochieng,0791644927,35763940,Tumaini Schools Ltd,08/03/2021,"458,020.00","10,000.00","84,900.00","44,100.00",31/08/2026
UT00163,Faith Musyoka,0722152676,39019207,,17/07/2019,"8,760.00","5,000.00",,,31/08/2026
UT00164,Wanjiku Macharia,0754409959,39618210,Tumaini Schools Ltd,30/09/2020,"533,820.00","10,000.00","166,800.00","100,100.00",31/08/2026
UT00165,Nduta Kimani,0763666937,28993359,Tumaini Schools Ltd,09/05/2016,"27,360.00","10,000.00","55,600.00","17,200.00",31/08/2026
UT00166,Jeptoo Too,0762904292,38382731,,19/05/2026,"29,030.00","5,000.00",,,31/08/2026
UT00167,Omondi Oduya,0775818876,27852818,,05/12/2021,"735,940.00","2,000.00",,,31/08/2026
UT00168,Wanjiku Oduya,0749067349,37990274,Mwangaza County Payroll,09/11/2025,"87,290.00","5,000.00","63,600.00","24,200.00",31/08/2026
UT00169,Halima Cheruiyot,0751369848,26346868,Mwangaza County Payroll,10/09/2019,"7,570.00","5,000.00","100,900.00","60,500.00",31/08/2026
UT00170,Amina Rotich,0733124599,24999913,,30/03/2019,"24,930.00","5,000.00",,,31/08/2026
UT00171,Atieno Gitau,0730751571,31573650,,15/05/2026,"160,480.00","10,000.00",,,31/08/2026
UT00172,John Mohamed,0748901039,28777735,,26/06/2018,"229,820.00","20,000.00",,,31/08/2026
UT00173,Achieng Gitau,0746179924,32690354,Mwangaza County Payroll,04/01/2017,"23,000.00","5,000.00","146,300.00","55,600.00",31/08/2026
UT00174,Mutua Too,0710008577,33334419,,24/01/2022,"203,220.00","10,000.00",,,31/08/2026
UT00175,Baraka Njoroge,0711459318,32445711,Mwangaza County Payroll,30/09/2025,"164,330.00","5,000.00","48,000.00","14,900.00",31/08/2026
UT00176,Otieno Macharia,0733204508,28653796,,30/04/2026,"18,290.00","10,000.00",,,31/08/2026
UT00177,Barasa Mohamed,0787012503,23537306,,18/04/2018,"700,360.00","20,000.00",,,31/08/2026
UT00178,Zawadi Njoroge,0775546157,20423257,Mwangaza County Payroll,30/04/2023,"15,780.00","10,000.00","142,700.00","64,200.00",31/08/2026
UT00179,Kiprop Muriuki,0773023195,32921111,Mwangaza County Payroll,18/06/2016,"195,710.00","20,000.00","89,900.00","53,900.00",31/08/2026
UT00180,Hassan Kiplagat,0701755371,26047839,Mwangaza County Payroll,11/04/2025,"8,710.00","5,000.00","82,000.00","18,000.00",31/08/2026
UT00181,Muthoni Kiplagat,0778272466,31224254,Tumaini Schools Ltd,23/05/2023,"13,460.00","10,000.00","189,500.00","113,700.00",31/08/2026
UT00182,Atieno Ndungu,0724715771,38788552,Mwangaza County Payroll,05/09/2018,"862,230.00","10,000.00","123,900.00","64,400.00",31/08/2026
UT00183,Muthoni Simiyu,0774143564,29711613,Tumaini Schools Ltd,08/09/2019,"159,520.00","2,000.00","138,300.00","52,600.00",31/08/2026
UT00184,Juma Ndungu,0762042078,37669316,Mwangaza County Payroll,18/08/2018,"181,610.00","5,000.00","84,900.00","26,300.00",31/08/2026
UT00185,Ruth Njoroge,0742560634,37503761,Mwangaza County Payroll,15/07/2023,"17,070.00","10,000.00","84,100.00","50,500.00",31/08/2026
UT00186,Jeptoo Njoroge,0732391197,39559989,Mwangaza County Payroll,04/09/2017,"103,050.00","10,000.00","73,800.00","38,400.00",31/08/2026
UT00187,Amina Gitau,0743018608,23030971,Tumaini Schools Ltd,01/08/2019,"758,920.00","10,000.00","65,500.00","39,300.00",31/08/2026
UT00188,Hassan Ochieng,0706724329,39291104,Tumaini Schools Ltd,29/07/2024,"377,430.00","10,000.00","94,800.00","56,900.00",31/08/2026
UT00189,Amina Kimani,0790587811,32797295,Tumaini Schools Ltd,16/09/2022,"210,710.00","20,000.00","82,400.00","31,300.00",31/08/2026
UT00190,James Oduya,0790417780,28171772,Mwangaza County Payroll,21/12/2025,"230,970.00","2,000.00","171,000.00","53,000.00",31/08/2026
UT00191,David Macharia,0713922144,20652672,,22/11/2017,"318,640.00","10,000.00",,,31/08/2026
UT00192,Muthoni Kimani,0713409978,23150971,Tumaini Schools Ltd,17/09/2021,"26,540.00","10,000.00","106,900.00","40,600.00",31/08/2026
UT00193,Jeptoo Wambui,0720417798,24595434,Tumaini Schools Ltd,06/01/2022,"120,380.00","10,000.00","88,000.00","52,800.00",31/08/2026
UT00194,Mwangi Macharia,0789332976,34109104,Tumaini Schools Ltd,24/07/2023,"803,390.00","2,000.00","53,300.00","16,500.00",31/08/2026
UT00195,Baraka Kosgei,0799806055,34615702,,31/03/2021,"7,020.00","10,000.00",,,31/08/2026
UT00196,Amina Kosgei,0795680582,20387704,,01/11/2020,"25,730.00","20,000.00",,,31/08/2026
UT00197,Mary Okoth,0751821563,34117287,Mwangaza County Payroll,27/02/2016,"445,120.00","2,000.00","168,100.00","37,000.00",31/08/2026
UT00198,Jeptoo Nyaga,0767000949,23372361,Mwangaza County Payroll,22/03/2021,"631,430.00","10,000.00","179,400.00","80,700.00",31/08/2026
UT00199,Chebet Wafula,0741806304,24039324,Mwangaza County Payroll,09/02/2017,"198,270.00","10,000.00","167,800.00","87,300.00",31/08/2026
UT00200,Atieno Onyango,0709841798,29851563,Mwangaza County Payroll,17/10/2015,"3,600.00","2,000.00","69,400.00","36,100.00",31/08/2026
UT00201,Peter Kilonzo,0769443184,27436200,,29/03/2018,"112,020.00","10,000.00",,,31/08/2026
UT00202,Grace Cheruiyot,0763857849,21038923,,25/09/2015,"770,290.00","2,000.00",,,31/08/2026
UT00203,Baraka Kariuki,0735338869,25445699,,23/03/2025,"896,770.00","20,000.00",,,31/08/2026
UT00204,Nduta Ochieng,0735857443,25320614,,15/06/2026,"801,450.00","10,000.00",,,31/08/2026
UT00205,Faith Akinyi,0781957086,23665628,,15/01/2019,"100,500.00","10,000.00",,,31/08/2026
UT00206,Daniel Kilonzo,0783265523,37373431,,02/01/2018,"14,560.00","5,000.00",,,31/08/2026
UT00207,David Mohamed,0717426106,39191758,Tumaini Schools Ltd,30/12/2025,"6,280.00","20,000.00","49,600.00","25,800.00",31/08/2026
UT00208,Peter Wafula,0726499167,29828725,,25/06/2017,"377,160.00","5,000.00",,,31/08/2026
UT00209,John Rotich,0756889650,38014511,Mwangaza County Payroll,03/04/2016,"9,620.00","20,000.00","88,000.00","33,400.00",31/08/2026
UT00210,Juma Gitau,0742696931,28142079,,11/06/2026,"885,750.00","5,000.00",,,31/08/2026
UT00211,John Wafula,0753600049,30483029,,16/12/2019,"161,000.00","10,000.00",,,31/08/2026
UT00212,Amina Ochieng,0789688667,31781188,,23/09/2015,"771,970.00","20,000.00",,,31/08/2026
UT00213,Mary Rotich,0770183165,39262082,,27/04/2024,"17,630.00","10,000.00",,,31/08/2026
UT00214,Juma Kimani,0723676799,25728490,Mwangaza County Payroll,23/06/2017,"866,190.00","5,000.00","121,200.00","72,700.00",31/08/2026
UT00215,Nduta Kimani,0755514821,25247901,Tumaini Schools Ltd,05/08/2018,"415,020.00","10,000.00","76,300.00","23,700.00",31/08/2026
UT00216,Kamau Nyaga,0784838362,23577581,,19/01/2018,"34,160.00","2,000.00",,,31/08/2026
UT00217,Wanjiku Simiyu,0759060048,39669622,Mwangaza County Payroll,27/02/2022,"351,710.00","10,000.00","157,100.00","48,700.00",31/08/2026
UT00218,Esther Ndungu,0700327894,39275938,,06/12/2016,"148,180.00","5,000.00",,,31/08/2026
UT00219,Wekesa Kariuki,0736912288,37532027,Mwangaza County Payroll,06/03/2025,"497,170.00","20,000.00","121,100.00","37,500.00",31/08/2026
UT00220,Atieno Kimani,0777960095,25684611,Tumaini Schools Ltd,15/12/2024,"8,060.00","10,000.00","168,000.00","52,100.00",31/08/2026
UT00221,Daniel Rotich,0704191537,33287326,Mwangaza County Payroll,15/08/2021,"208,970.00","5,000.00","151,500.00","57,600.00",31/08/2026
UT00222,Achieng Njoroge,0790709333,25822740,,13/12/2024,"274,100.00","10,000.00",,,31/08/2026
UT00223,Mutua Kosgei,0750746947,39623310,,27/07/2018,"456,250.00","10,000.00",,,31/08/2026
UT00224,Nyambura Njoroge,0736467031,20256074,Mwangaza County Payroll,03/01/2020,"239,070.00","2,000.00","173,300.00","90,100.00",31/08/2026
UT00225,Juma Rotich,0746851586,24136898,,24/06/2019,"716,700.00","10,000.00",,,31/08/2026
UT00226,Amina Kosgei,0765836374,20848396,Tumaini Schools Ltd,05/10/2022,"3,660.00","2,000.00","78,000.00","35,100.00",31/08/2026
UT00227,Kiprop Wanyama,0752321348,25342603,Mwangaza County Payroll,24/12/2025,"577,880.00","5,000.00","78,100.00","46,900.00",31/08/2026
UT00228,Grace Ndungu,0755366934,24393780,Tumaini Schools Ltd,30/08/2023,"656,620.00","2,000.00","51,300.00","15,900.00",31/08/2026
UT00229,Joyce Ndungu,0749795836,37214364,Mwangaza County Payroll,27/04/2021,"510,810.00","20,000.00","90,300.00","40,600.00",31/08/2026
UT00230,Wanjiku Rotich,0718460924,25940718,,04/12/2020,"210,370.00","20,000.00",,,31/08/2026
UT00231,Barasa Owino,0735311858,22950781,Tumaini Schools Ltd,13/01/2026,"18,280.00","20,000.00","181,400.00","56,200.00",31/08/2026
UT00232,Kiprop Simiyu,0734264567,32300445,Mwangaza County Payroll,07/01/2020,"75,510.00","10,000.00","178,800.00","39,300.00",31/08/2026
UT00233,Nyambura Wafula,0756073651,21357339,Mwangaza County Payroll,28/05/2016,"19,150.00","5,000.00","132,400.00","68,800.00",31/08/2026
UT00234,Zawadi Langat,0760926342,26028778,Tumaini Schools Ltd,26/11/2025,"636,730.00","10,000.00","40,100.00","15,200.00",31/08/2026
UT00235,Amina Simiyu,0793978469,21441490,Tumaini Schools Ltd,19/02/2019,"245,180.00","5,000.00","132,800.00","69,100.00",31/08/2026
UT00236,Amina Langat,0799031053,34000127,,26/08/2020,"464,400.00","5,000.00",,,31/08/2026
UT00237,Faith Simiyu,0769348156,37067740,Tumaini Schools Ltd,17/04/2019,"6,420.00","10,000.00","161,500.00","84,000.00",31/08/2026
UT00238,David Musyoka,0703682730,27918957,Mwangaza County Payroll,19/04/2021,"489,460.00","10,000.00","183,700.00","40,400.00",31/08/2026
UT00239,Njeri Owino,0784302556,24603346,,22/06/2023,"22,750.00","5,000.00",,,31/08/2026
UT00240,Kiprop Simiyu,0727733087,30045266,,04/12/2023,"152,370.00","20,000.00",,,31/08/2026
UT00241,Imani Muriuki,0722993518,25193927,,20/04/2017,"761,900.00","2,000.00",,,31/08/2026
UT00242,John Owino,0797631405,30197313,Tumaini Schools Ltd,25/08/2019,"232,100.00","5,000.00","60,700.00","18,800.00",31/08/2026
UT00243,Peter Mohamed,0731471257,38707658,Mwangaza County Payroll,30/10/2019,"67,020.00","10,000.00","138,700.00","30,500.00",31/08/2026
UT00244,Odhiambo Wambui,0710077159,34570688,,24/04/2019,"190,370.00","20,000.00",,,31/08/2026
UT00245,Daniel Simiyu,0773850514,28435988,,17/05/2019,"10,100.00","5,000.00",,,31/08/2026
UT00246,Hassan Njoroge,0731200624,37630718,,08/11/2017,"7,080.00","5,000.00",,,31/08/2026
UT00247,Halima Kosgei,0721495625,28507724,Tumaini Schools Ltd,09/06/2019,"179,330.00","10,000.00","78,400.00","17,200.00",31/08/2026
UT00248,John Mbugua,0730019603,30051975,Mwangaza County Payroll,25/05/2019,"627,980.00","10,000.00","64,600.00","38,800.00",31/08/2026
UT00249,Baraka Mutiso,0799123227,34747261,,27/03/2018,"747,880.00","10,000.00",,,31/08/2026
UT00250,Imani Kiplagat,0773350098,37267847,Mwangaza County Payroll,23/05/2021,"6,020.00","10,000.00","131,900.00","79,100.00",31/08/2026
UT00251,Nduta Kariuki,0765170226,39042648,Tumaini Schools Ltd,23/02/2019,"20,590.00","10,000.00","40,500.00","15,400.00",31/08/2026
UT00252,Esther Simiyu,0737185876,25179617,,03/11/2015,"113,520.00","10,000.00",,,31/08/2026
UT00253,Ruth Mohamed,0769910594,36130697,Tumaini Schools Ltd,21/03/2020,"220,010.00","5,000.00","144,600.00","86,800.00",31/08/2026
UT00254,Njeri Kiplagat,0724580337,32482580,,05/01/2024,"761,990.00","5,000.00",,,31/08/2026
UT00255,Baraka Musyoka,0789658397,26805522,Mwangaza County Payroll,11/01/2018,"210,070.00","2,000.00","163,300.00","35,900.00",31/08/2026
UT00256,John Kosgei,0781341384,27601903,,23/06/2019,"22,010.00","10,000.00",,,31/08/2026
UT00257,Mutua Oduya,0789189916,37285774,Mwangaza County Payroll,12/02/2020,"13,070.00","2,000.00","158,000.00","94,800.00",31/08/2026
UT00258,Njeri Kiplagat,0717682397,33567952,Mwangaza County Payroll,06/04/2025,"581,910.00","20,000.00","83,700.00","37,700.00",31/08/2026
UT00259,Barasa Wambui,0730500937,34293363,,06/09/2023,"21,630.00","20,000.00",,,31/08/2026
UT00260,Juma Oduya,0719391525,20390808,,06/10/2022,"244,290.00","5,000.00",,,31/08/2026
UT00261,Achieng Macharia,0741358857,23343541,,19/04/2025,"25,470.00","10,000.00",,,31/08/2026
UT00262,Amina Owino,0758591034,20714144,,14/12/2018,"580,580.00","20,000.00",,,31/08/2026
UT00263,Nyambura Kiplagat,0797107114,29731959,,16/11/2015,"293,260.00","10,000.00",,,31/08/2026
UT00264,Otieno Gitau,0762948470,36346722,,15/08/2025,"632,790.00","2,000.00",,,31/08/2026
UT00265,Baraka Macharia,0787001299,35052086,Mwangaza County Payroll,12/03/2020,"182,550.00","10,000.00","130,900.00","68,100.00",31/08/2026
UT00266,Wairimu Wafula,0763981558,39771053,,26/12/2024,"190,190.00","5,000.00",,,31/08/2026
UT00267,Peter Rotich,0790325759,30548163,,25/03/2017,"546,630.00","20,000.00",,,31/08/2026
UT00268,Peter Mwende,0705975303,21522750,,11/05/2017,"20,320.00","5,000.00",,,31/08/2026
UT00269,Amina Mohamed,0722464184,39609612,,18/04/2020,"696,340.00","10,000.00",,,31/08/2026
UT00270,Hassan Oduya,0720813691,24735995,Mwangaza County Payroll,16/11/2017,"12,010.00","5,000.00","155,900.00","48,300.00",31/08/2026
UT00271,Baraka Gitau,0714558358,30844791,Tumaini Schools Ltd,15/04/2020,"391,920.00","5,000.00","80,800.00","25,000.00",31/08/2026
UT00272,Wairimu Kariuki,0778533522,35204415,,11/06/2020,"885,730.00","10,000.00",,,31/08/2026
UT00273,Atieno Wafula,0767694291,28459664,,07/03/2017,"26,000.00","10,000.00",,,31/08/2026
UT00274,Nyambura Wafula,0798513919,35699193,,19/03/2020,"116,250.00","20,000.00",,,31/08/2026
UT00275,Esther Kariuki,0756175244,28994300,,05/05/2020,"158,060.00","10,000.00",,,31/08/2026
UT00276,Nduta Too,0730306739,26600523,Mwangaza County Payroll,13/03/2016,"832,950.00","10,000.00","137,300.00","30,200.00",31/08/2026
UT00277,Juma Langat,0730290119,29080924,Mwangaza County Payroll,14/09/2017,"304,570.00","10,000.00","84,600.00","32,100.00",31/08/2026
UT00278,John Rotich,0780503550,31333842,,27/04/2020,"97,500.00","10,000.00",,,31/08/2026
UT00279,Joyce Rotich,0720601957,20456342,Tumaini Schools Ltd,18/07/2026,"247,630.00","5,000.00","183,900.00","40,500.00",31/08/2026
UT00280,Mwangi Mutiso,0705950695,24786809,Mwangaza County Payroll,02/11/2023,"231,320.00","2,000.00","151,700.00","78,900.00",31/08/2026
UT00281,David Kiplagat,0781556589,39292925,,19/04/2017,"12,090.00","10,000.00",,,31/08/2026
UT00282,Peter Wanyama,0753947048,24424642,Tumaini Schools Ltd,10/05/2018,"603,530.00","2,000.00","140,800.00","31,000.00",31/08/2026
UT00283,Baraka Muriuki,0740871523,20937888,,11/10/2018,"94,330.00","20,000.00",,,31/08/2026
UT00284,Nyambura Musyoka,0792108838,32267814,,17/08/2024,"255,680.00","2,000.00",,,31/08/2026
UT00285,John Owino,0722280537,31550371,,15/11/2017,"14,020.00","2,000.00",,,31/08/2026
UT00286,Baraka Okoth,0767350101,22012780,,04/12/2019,"706,120.00","20,000.00",,,31/08/2026
UT00287,Otieno Musyoka,0739666304,28114440,,20/04/2020,"29,200.00","2,000.00",,,31/08/2026
UT00288,Wairimu Mohamed,0735356447,36017919,,20/04/2021,"92,280.00","10,000.00",,,31/08/2026
UT00289,Muthoni Njoroge,0742441507,27115809,Tumaini Schools Ltd,05/10/2025,"354,000.00","20,000.00","39,300.00","14,900.00",31/08/2026
UT00290,Kiprop Simiyu,0790350726,23743282,Mwangaza County Payroll,05/06/2026,"5,800.00","5,000.00","92,400.00","28,600.00",31/08/2026
UT00291,Mwangi Onyango,0720242851,23027663,,05/05/2021,"86,680.00","20,000.00",,,31/08/2026
UT00292,Wanjiku Ochieng,0765650933,39288791,Mwangaza County Payroll,30/12/2024,"29,920.00","2,000.00","142,500.00","54,200.00",31/08/2026
UT00293,John Kiplagat,0761005111,26005612,Mwangaza County Payroll,11/06/2017,"890,400.00","5,000.00","152,500.00","68,600.00",31/08/2026
UT00294,John Simiyu,0738288185,27514852,Mwangaza County Payroll,22/06/2020,"8,080.00","5,000.00","53,700.00","11,800.00",31/08/2026
UT00295,Omondi Ndungu,0714204410,28966010,Tumaini Schools Ltd,19/10/2019,"26,040.00","2,000.00","89,900.00","19,800.00",31/08/2026
UT00296,Neema Too,0705078485,29012411,,24/11/2016,"15,380.00","10,000.00",,,31/08/2026
UT00297,Zawadi Mwende,0766586626,20176193,Mwangaza County Payroll,09/03/2016,"14,420.00","10,000.00","170,100.00","64,600.00",31/08/2026
UT00298,Chebet Mutiso,0739849633,21129199,,22/01/2023,"413,750.00","10,000.00",,,31/08/2026
UT00299,Ruth Kariuki,0706857857,37117097,Tumaini Schools Ltd,10/05/2020,"6,410.00","2,000.00","168,500.00","64,000.00",31/08/2026
UT00300,Baraka Ndungu,0759863651,22415755,Tumaini Schools Ltd,23/01/2018,"498,880.00","10,000.00","177,700.00","92,400.00",31/08/2026
UT00301,Samuel Cheruiyot,0783944758,24767734,,01/09/2024,"15,590.00","2,000.00",,,31/08/2026
UT00302,Muthoni Okoth,0718583825,25963077,Tumaini Schools Ltd,19/03/2026,"145,370.00","10,000.00","175,700.00","66,800.00",31/08/2026
UT00303,Odhiambo Rotich,0705656162,37535068,Tumaini Schools Ltd,11/06/2017,"27,620.00","20,000.00","50,600.00","26,300.00",31/08/2026
UT00304,Chebet Onyango,0784714647,25855698,,31/10/2023,"563,370.00","2,000.00",,,31/08/2026
UT00305,Daniel Akinyi,0782025783,28484781,Tumaini Schools Ltd,25/07/2017,"751,710.00","10,000.00","115,100.00","69,100.00",31/08/2026
UT00306,Nyambura Wafula,0708309409,29213892,,14/07/2020,"705,640.00","10,000.00",,,31/08/2026
UT00307,Njeri Owino,0754347187,32469462,Tumaini Schools Ltd,11/08/2017,"287,390.00","10,000.00","159,300.00","95,600.00",31/08/2026
UT00308,Joyce Oduya,0707650466,32930443,Mwangaza County Payroll,23/09/2021,"14,450.00","10,000.00","143,500.00","64,600.00",31/08/2026
UT00309,Juma Too,0792939513,32730655,Tumaini Schools Ltd,04/03/2021,"765,880.00","2,000.00","59,500.00","13,100.00",31/08/2026
UT00310,Peter Simiyu,0768670199,33921489,Tumaini Schools Ltd,14/12/2019,"19,690.00","10,000.00","70,100.00","42,100.00",31/08/2026
UT00311,Wanjiku Okoth,0772176728,33478063,Mwangaza County Payroll,21/05/2020,"26,630.00","10,000.00","169,000.00","87,900.00",31/08/2026
UT00312,Njeri Kosgei,0780485671,39160433,,26/12/2017,"287,170.00","10,000.00",,,31/08/2026
UT00313,Omondi Kimani,0701713970,38467596,Mwangaza County Payroll,08/04/2016,"187,810.00","20,000.00","161,100.00","35,400.00",31/08/2026
UT00314,Omondi Ndungu,0769260255,26246025,,13/03/2024,"196,360.00","5,000.00",,,31/08/2026
UT00315,Barasa Wanyama,0784841564,21716278,Tumaini Schools Ltd,28/10/2018,"138,880.00","2,000.00","162,600.00","84,600.00",31/08/2026
UT00316,Omondi Kiplagat,0744366844,35576791,Tumaini Schools Ltd,12/01/2023,"158,740.00","20,000.00","183,700.00","40,400.00",31/08/2026
UT00317,Kamau Langat,0779255378,33721367,Mwangaza County Payroll,15/01/2022,"26,920.00","20,000.00","141,100.00","43,700.00",31/08/2026
UT00318,Wairimu Oduya,0795043743,35254406,,31/08/2018,"3,930.00","2,000.00",,,31/08/2026
UT00319,Kamau Kiplagat,0767330261,22413504,,13/07/2024,"531,430.00","2,000.00",,,31/08/2026
UT00320,Nduta Oduya,0797208273,24891414,Mwangaza County Payroll,07/02/2020,"192,770.00","5,000.00","71,200.00","22,100.00",31/08/2026
