Receipt No.,Completion Time,Initiation Time,Details,Transaction Status,Paid In,Withdrawn,Balance,Balance Confirmed,Reason Type,Other Party Info,Linked Transaction ID,A/C No.
TI72DJX32E,01-09-2026 13:52:00,01-09-2026 13:52:00,Pay Bill Online,Completed,5000.00,,3602080.00,true,Pay Bill Online,254732624562 - ODHIAMBO WAMBUI,,UT00104
TI40AGQ1SR,01-09-2026 19:48:00,01-09-2026 19:48:00,Pay Bill Online,Completed,4770.00,,3075350.00,true,Pay Bill Online,254719391525 - JUMA ODUYA,,UT00260
TIFXQWQHD2,02-09-2026 00:07:00,02-09-2026 00:07:00,Pay Bill Online,Completed,1000.00,,3590080.00,true,Pay Bill Online,254704431982 - JOYCE ROTICH,,UT00046
TIBD30LZZJ,02-09-2026 06:06:00,02-09-2026 06:06:00,Pay Bill Online,Completed,7630.00,,1558240.00,true,Pay Bill Online,254728288072 - JOYCE KARIUKI,,UT00027
TIB628F2QJ,02-09-2026 15:43:00,02-09-2026 15:43:00,Pay Bill Online,Completed,3180.00,,3155280.00,true,Pay Bill Online,254705975303 - PETER MWENDE,,UT00268
TI1XNR3Y5Z,02-09-2026 15:56:00,02-09-2026 15:56:00,Pay Bill Online,Completed,9530.00,,3404660.00,true,Pay Bill Online,254716123706 - FAITH WAMBUI,,
TIS6WP4YV5,02-09-2026 16:46:00,02-09-2026 16:46:00,Pay Bill Online,Completed,8050.00,,1920240.00,true,Pay Bill Online,254732624562 - ODHIAMBO WAMBUI,,UT00104
TI4HWPLVK8,02-09-2026 19:02:00,02-09-2026 19:02:00,Pay Bill Online,Completed,2000.00,,3623580.00,true,Pay Bill Online,254744318024 - MUTHONI MACHARIA,,UT00116
TIF66P2VPK,02-09-2026 19:49:00,02-09-2026 19:49:00,Pay Bill Online,Completed,1000.00,,3591080.00,true,Pay Bill Online,254778066717 - NYAMBURA KOSGEI,,UT00114
TIEHWRDQTY,03-09-2026 07:23:00,03-09-2026 07:23:00,Pay Bill Online,Completed,39400.00,,1768440.00,true,Pay Bill Online,254730552034 - ACHIENG KILONZO,,UT00088
TI7HLDU8CX,03-09-2026 07:36:00,03-09-2026 07:36:00,Pay Bill Online,Completed,2630.00,,1638835.00,true,Pay Bill Online,254706883106 - FAITH KILONZO,,0
TIY91YZ4TJ,03-09-2026 18:43:00,,Business Payment Charge,Completed,,-33.00,,true,Business Payment Charge,,,
TIYVFPR7V4,03-09-2026 19:30:00,03-09-2026 19:30:00,Pay Bill Online,Completed,1000.00,,3527080.00,true,Pay Bill Online,254767350101 - BARAKA OKOTH,,UT00286
TI8G7C1J77,03-09-2026 20:17:00,03-09-2026 20:17:00,Pay Bill Online,Completed,2500.00,,3587080.00,true,Pay Bill Online,254727684268 - JEPTOO KIMANI,,UT00011
TIMMS8JL8W,04-09-2026 07:41:00,04-09-2026 07:41:00,Pay Bill Online,Completed,14300.00,,2278200.00,true,Pay Bill Online,254717654163 - BARAKA KIMANI,,UT00135
TIFFMZA328,04-09-2026 07:42:00,04-09-2026 07:42:00,Pay Bill Online,Completed,85800.00,,2217150.00,true,Pay Bill Online,254749243372 - CHEBET NYAGA,,
TIVBZM182H,04-09-2026 08:25:00,04-09-2026 08:25:00,Pay Bill Online,Completed,81070.00,,2792955.00,true,Pay Bill Online,254789688667 - AMINA OCHIENG,,UT00212
TI46JGA22R,04-09-2026 08:55:00,04-09-2026 08:55:00,Pay Bill Online,Completed,1000.00,,3611580.00,true,Pay Bill Online,254706724329 - HASSAN OCHIENG,,UT00188
TIM9BBQ4F5,04-09-2026 10:41:00,04-09-2026 10:41:00,Pay Bill Online,Completed,10730.00,,2301445.00,true,Pay Bill Online,254737805856 - PETER OWINO,,UT00138
TIVFN3CC9U,04-09-2026 10:48:00,,Business Payment Charge,Completed,,-33.00,,true,Business Payment Charge,,,
TIUXMJHM8S,04-09-2026 21:55:00,04-09-2026 21:55:00,Pay Bill Online,Completed,31500.00,,1342680.00,true,Pay Bill Online,254771049746 - AMINA KARIUKI,,UT00009
TI2U83AFJG,05-09-2026 00:14:00,05-09-2026 00:14:00,Pay Bill Online,Completed,4920.00,,1254920.00,true,Pay Bill Online,254752601815 - SAMUEL OCHIENG,,UT00001
TI0YM3XTRL,05-09-2026 02:42:00,05-09-2026 02:42:00,Pay Bill Online,Completed,500.00,,3647580.00,true,Pay Bill Online,254705656162 - ODHIAMBO ROTICH,,UT00303
TI47VZ99CX,05-09-2026 04:42:00,05-09-2026 04:42:00,Pay Bill Online,Completed,2000.00,,3556580.00,true,Pay Bill Online,254767330261 - KAMAU KIPLAGAT,,UT00319
TISTYH6U0P,05-09-2026 13:03:00,05-09-2026 13:03:00,Pay Bill Online,Completed,16100.00,,2541895.00,true,Pay Bill Online,254788969291 - WAIRIMU OCHIENG,,UT00155
TIRRRCN9RJ,05-09-2026 17:43:00,05-09-2026 17:43:00,Pay Bill Online,Completed,5000.00,,3564080.00,true,Pay Bill Online,254705652941 - WAIRIMU OCHIENG,,UT00089
TIUDXVR1B3,05-09-2026 23:02:00,05-09-2026 23:02:00,Pay Bill Online,Completed,26600.00,,3197180.00,true,Pay Bill Online,254781556589 - DAVID KIPLAGAT,,UT00281
TIU7WRUTYD,06-09-2026 05:08:00,06-09-2026 05:08:00,Pay Bill Online,Completed,1000.00,,3636080.00,true,Pay Bill Online,254761005111 - JOHN KIPLAGAT,,UT00293
TIG3EPT7UM,06-09-2026 08:11:00,06-09-2026 08:11:00,Pay Bill Online,Completed,2385.00,,2940780.00,true,Pay Bill Online,254722993518 - IMANI MURIUKI,,UT00241
TICBLS9F3N,06-09-2026 09:59:00,06-09-2026 09:59:00,Pay Bill Online,Completed,5000.00,,3641080.00,true,Pay Bill Online,254755514821 - NDUTA KIMANI,,UT00215
TI9X5GHSGK,06-09-2026 10:01:00,06-09-2026 10:01:00,Pay Bill Online,Completed,5000.00,,3641080.00,true,Pay Bill Online,254755514821 - NDUTA KIMANI,,UT00215
TIW88UVZR2,06-09-2026 11:32:00,06-09-2026 11:32:00,Pay Bill Online,Completed,1640.00,,2947620.00,true,Pay Bill Online,254773850514 - DANIEL SIMIYU,,UT00245
TI5ZG88M9P,06-09-2026 11:53:00,06-09-2026 11:53:00,Pay Bill Online,Completed,1000.00,,3589080.00,true,Pay Bill Online,254731002516 - FAITH WANYAMA,,UT00048
TI6VC2TA6R,06-09-2026 12:28:00,06-09-2026 12:28:00,Pay Bill Online,Completed,2680.00,,3170580.00,true,Pay Bill Online,254756175244 - ESTHER KARIUKI,,UT00270
TIH0FQAKCY,06-09-2026 13:46:00,06-09-2026 13:46:00,Pay Bill Online,Completed,1990.00,,1775355.00,true,Pay Bill Online,254744604956 - NEEMA KARIUKI,,UT 00091
TIQ4XPWF4M,06-09-2026 18:58:00,06-09-2026 18:58:00,Pay Bill Online,Completed,5000.00,,3616580.00,true,Pay Bill Online,254709841798 - ATIENO ONYANGO,,UT00200
TILA1EWXEK,06-09-2026 19:27:00,06-09-2026 19:27:00,Pay Bill Online,Completed,60800.00,,3286670.00,true,Pay Bill Online,254767350101 - BARAKA OKOTH,,UT00286
TIJV0JWR1Z,06-09-2026 19:30:00,06-09-2026 19:30:00,Pay Bill Online,Completed,60800.00,,3286670.00,true,Pay Bill Online,254767350101 - BARAKA OKOTH,,UT00286
TIU5ZZ6NMZ,06-09-2026 21:26:00,06-09-2026 21:26:00,Pay Bill Online,Completed,2685.00,,1483605.00,true,Pay Bill Online,254790786666 - WEKESA CHERUIYOT,,UT00014
TI6HJTVVNQ,07-09-2026 08:22:00,07-09-2026 08:22:00,Pay Bill Online,Completed,7150.00,,2285350.00,true,Pay Bill Online,254717654163 - BARAKA KIMANI,,UT00135
TIU24SRWDG,07-09-2026 11:35:00,07-09-2026 11:35:00,Pay Bill Online,Completed,66900.00,,2938395.00,true,Pay Bill Online,254784302556 - NJERI OWINO,,UT00239
TIJLUG3533,07-09-2026 12:33:00,07-09-2026 12:33:00,Pay Bill Online,Completed,64400.00,,2606295.00,true,Pay Bill Online,254726050699 - KAMAU CHERUIYOT,,UT00457
TILLKKHHLV,07-09-2026 16:44:00,07-09-2026 16:44:00,Pay Bill Online,Completed,42900.00,,1601140.00,true,Pay Bill Online,254722791805 - JAMES NDUNGU,,UT00028
TIBDMJVUG8,07-09-2026 18:17:00,07-09-2026 18:17:00,Pay Bill Online,Completed,2000.00,,3659580.00,true,Pay Bill Online,254751369848 - HALIMA CHERUIYOT,,UT00169
TI81J82TTF,07-09-2026 20:35:00,07-09-2026 20:35:00,Pay Bill Online,Completed,1000.00,,3588080.00,true,Pay Bill Online,254781086201 - DANIEL LANGAT,,UT00101
TI6VCUAKWD,07-09-2026 21:45:00,07-09-2026 21:45:00,Pay Bill Online,Completed,8800.00,,3205980.00,true,Pay Bill Online,254792108838 - NYAMBURA MUSYOKA,,UT00284 
TIBTJ72ZA3,07-09-2026 22:00:00,07-09-2026 22:00:00,Pay Bill Online,Completed,1000.00,,3584580.00,true,Pay Bill Online,254736912288 - WEKESA KARIUKI,,UT00219
TIGNWZF2GC,08-09-2026 01:25:00,08-09-2026 01:25:00,Pay Bill Online,Completed,2000.00,,3576080.00,true,Pay Bill Online,254773221378 - KIBET MACHARIA,,UT00141
TIZ8HHT481,08-09-2026 04:23:00,08-09-2026 04:23:00,Pay Bill Online,Completed,35800.00,,2042780.00,true,Pay Bill Online,254778066717 - NYAMBURA KOSGEI,,UT00114
TI9L3KTRHB,08-09-2026 04:43:00,08-09-2026 04:43:00,Pay Bill Online,Completed,13520.00,,2835695.00,true,Pay Bill Online,254750746947 - MUTUA KOSGEI,,UT00523
TISGDDNRPF,08-09-2026 05:32:00,08-09-2026 05:32:00,Pay Bill Online,Completed,14780.00,,2632455.00,true,Pay Bill Online,254730751571 - ATIENO GITAU,,UT04171
TIVQADSGM4,08-09-2026 06:01:00,08-09-2026 06:01:00,Pay Bill Online,Completed,11930.00,,3298600.00,true,Pay Bill Online,254709178271 - WAIRIMU MWENDE,,loan
TI9HW1LJ66,08-09-2026 13:18:00,08-09-2026 13:18:00,Pay Bill Online,Completed,19070.00,,1461850.00,true,Pay Bill Online,254740268599 - HALIMA KIPLAGAT,,UT04013
TISR0Q9WKG,08-09-2026 17:55:00,08-09-2026 17:55:00,Pay Bill Online,Completed,7960.00,,3213940.00,true,Pay Bill Online,254792108838 - NYAMBURA MUSYOKA,,UT00284
TI8KWQ30TK,09-09-2026 02:12:00,09-09-2026 02:12:00,Pay Bill Online,Completed,1990.00,,2608285.00,true,Pay Bill Online,254716967106 - JOYCE MOHAMED,,UT00158
TI60LGS4FV,09-09-2026 05:21:00,09-09-2026 05:21:00,Pay Bill Online,Completed,42900.00,,2131350.00,true,Pay Bill Online,254749243372 - CHEBET NYAGA,,UT00126
TILFK9P6XG,09-09-2026 07:05:00,09-09-2026 07:05:00,Pay Bill Online,Completed,31500.00,,3062530.00,true,Pay Bill Online,254747754952 - ESTHER OKOTH,,for mama
TIXSA3MESF,09-09-2026 07:25:00,09-09-2026 07:25:00,Pay Bill Online,Completed,1000.00,,3635080.00,true,Pay Bill Online,254701755371 - HASSAN KIPLAGAT,,UT00180
TIFPY3NEF9,09-09-2026 07:59:00,09-09-2026 07:59:00,Pay Bill Online,Completed,2500.00,,3580580.00,true,Pay Bill Online,254789658397 - BARAKA MUSYOKA,,UT00255
TI22PDP5R8,09-09-2026 08:36:00,09-09-2026 08:36:00,Pay Bill Online,Completed,19700.00,,2681535.00,true,Pay Bill Online,254783265523 - DANIEL KILONZO,,UT00246
TINESFXFXF,09-09-2026 11:36:00,09-09-2026 11:36:00,Pay Bill Online,Completed,3980.00,,1634890.00,true,Pay Bill Online,254709319254 - BARASA KILONZO,,UT00051
TILYTDRXCM,09-09-2026 14:17:00,09-09-2026 14:17:00,Pay Bill Online,Completed,6570.00,,2006980.00,true,Pay Bill Online,254720327112 - JEPTOO ROTICH,,UT00110
TI0AZHWXJC,09-09-2026 16:59:00,09-09-2026 16:59:00,Pay Bill Online,Completed,4920.00,,2047700.00,true,Pay Bill Online,254730154048 - IMANI OKOTH,,UT00115
TIW2BGGM2S,09-09-2026 17:05:00,09-09-2026 17:05:00,Pay Bill Online,Completed,4920.00,,2047700.00,true,Pay Bill Online,254730154048 - IMANI OKOTH,,UT00115
TICXCFTYH7,09-09-2026 18:59:00,09-09-2026 18:59:00,Pay Bill Online,Completed,2500.00,,3571580.00,true,Pay Bill Online,254789189916 - MUTUA ODUYA,,UT00257
TIL6N487GB,09-09-2026 21:28:00,09-09-2026 21:28:00,Pay Bill Online,Completed,6760.00,,2615045.00,true,Pay Bill Online,254731270493 - FAITH LANGAT,,LN26130
TI81LQP3S5,09-09-2026 22:54:00,09-09-2026 22:54:00,Pay Bill Online,Completed,11930.00,,1650765.00,true,Pay Bill Online,254767511253 - NYAMBURA NYAGA,,UT00074
TI4JPXM1V1,10-09-2026 00:06:00,10-09-2026 00:06:00,Pay Bill Online,Completed,5000.00,,3630580.00,true,Pay Bill Online,254763981558 - WAIRIMU WAFULA,,UT00266
TIQ3SZBTDX,10-09-2026 16:30:00,10-09-2026 16:30:00,Pay Bill Online,Completed,1990.00,,1922230.00,true,Pay Bill Online,254757889148 - BARAKA LANGAT,,LN26086
TI3P7C6PW6,10-09-2026 17:26:00,10-09-2026 17:26:00,Pay Bill Online,Completed,2500.00,,3545580.00,true,Pay Bill Online,254778077273 - JOHN NJOROGE,,UT00148
TIZHZXH8M3,10-09-2026 21:40:00,10-09-2026 21:40:00,Pay Bill Online,Completed,1000.00,,3554580.00,true,Pay Bill Online,254769260255 - OMONDI NDUNGU,,UT00314
TI0YXTUFZH,11-09-2026 06:49:00,11-09-2026 06:49:00,Pay Bill Online,Completed,14775.00,,2246700.00,true,Pay Bill Online,254781551661 - IMANI MWENDE,,loan
TIC123EKFE,11-09-2026 09:07:00,11-09-2026 09:07:00,Pay Bill Online,Completed,12075.00,,1705740.00,true,Pay Bill Online,254759183623 - NEEMA MUTISO,,UT 00081
TI1GN2FUZX,11-09-2026 09:16:00,11-09-2026 09:16:00,Pay Bill Online,Completed,42900.00,,1693665.00,true,Pay Bill Online,254772720429 - MUTHONI GITAU,,
TI6QSSDQLV,11-09-2026 09:42:00,11-09-2026 09:42:00,Pay Bill Online,Completed,14300.00,,1356980.00,true,Pay Bill Online,254771049746 - AMINA KARIUKI,,UT00009
TIAHXG47BQ,11-09-2026 10:04:00,11-09-2026 10:04:00,Pay Bill Online,Completed,5370.00,,2649760.00,true,Pay Bill Online,254733204508 - OTIENO MACHARIA,,UT00176
TIXUVFTP1A,11-09-2026 10:16:00,11-09-2026 10:16:00,Pay Bill Online,Completed,8050.00,,3070580.00,true,Pay Bill Online,254730500937 - BARASA WAMBUI,,LN26208
TIHX1R3RXR,11-09-2026 15:18:00,11-09-2026 15:18:00,Pay Bill Online,Completed,2700.00,,2077650.00,true,Pay Bill Online,254700571727 - SAMUEL AKINYI,,UT00125
TIMZHY5KD3,11-09-2026 21:04:00,11-09-2026 21:04:00,Pay Bill Online,Completed,500.00,,3610580.00,true,Pay Bill Online,254790709333 - ACHIENG NJOROGE,,UT00222
TIXV721D8A,12-09-2026 01:44:00,12-09-2026 01:44:00,Pay Bill Online,Completed,3180.00,,3158460.00,true,Pay Bill Online,254705975303 - PETER MWENDE,,UT00268
TI9Z91K3SZ,12-09-2026 04:19:00,12-09-2026 04:19:00,Pay Bill Online,Completed,2500.00,,3604580.00,true,Pay Bill Online,254770183165 - MARY ROTICH,,UT00213
TIT4KUS4PL,12-09-2026 20:09:00,12-09-2026 20:09:00,Pay Bill Online,Completed,2000.00,,3625580.00,true,Pay Bill Online,254746288975 - NJERI MUSYOKA,,UT00036
TITZP8893T,12-09-2026 23:57:00,12-09-2026 23:57:00,Pay Bill Online,Completed,3980.00,,1262880.00,true,Pay Bill Online,254739099603 - ACHIENG WANYAMA,,UT00003
TIUJ4PU7MN,13-09-2026 00:52:00,13-09-2026 00:52:00,Pay Bill Online,Completed,500.00,,3546080.00,true,Pay Bill Online,254775818876 - OMONDI ODUYA,,UT00167
TI7MSAV5QZ,13-09-2026 05:08:00,13-09-2026 05:08:00,Pay Bill Online,Completed,11935.00,,2644390.00,true,Pay Bill Online,254710008577 - MUTUA TOO,,33334419
TIG087SNG7,13-09-2026 05:24:00,13-09-2026 05:24:00,Pay Bill Online,Completed,3600.00,,1709340.00,true,Pay Bill Online,254772326793 - ESTHER TOO,,UT00083
TIY1LNFX3N,13-09-2026 08:22:00,13-09-2026 08:22:00,Pay Bill Online,Completed,52500.00,,3132620.00,true,Pay Bill Online,254790978262 - ESTHER ONYANGO,,
TI7CJX24U2,13-09-2026 12:45:00,13-09-2026 12:45:00,Pay Bill Online,Completed,6570.00,,2000410.00,true,Pay Bill Online,254720327112 - JEPTOO ROTICH,,UT00110
TIH4Z96R80,13-09-2026 19:14:00,13-09-2026 19:14:00,Pay Bill Online,Completed,85800.00,,1912190.00,true,Pay Bill Online,254781086201 - DANIEL LANGAT,,UT00101
TIL44MAJF3,13-09-2026 20:28:00,13-09-2026 20:28:00,Pay Bill Online,Completed,4925.00,,1773365.00,true,Pay Bill Online,254705652941 - WAIRIMU OCHIENG,,UT00089
TI5WVT8FG9,14-09-2026 01:37:00,14-09-2026 01:37:00,Pay Bill Online,Completed,5200.00,,2945980.00,true,Pay Bill Online,254722993518 - IMANI MURIUKI,,UT00241
TIHZKGVS82,14-09-2026 05:44:00,14-09-2026 05:44:00,Pay Bill Online,Completed,2500.00,,3550580.00,true,Pay Bill Online,254727733087 - KIPROP SIMIYU,,UT00240
TIGNATD3FT,14-09-2026 07:08:00,14-09-2026 07:08:00,Pay Bill Online,Completed,20270.00,,1508575.00,true,Pay Bill Online,254799075116 - OMONDI CHERUIYOT,,UT00022 
TITVFP4TAD,14-09-2026 13:34:00,14-09-2026 13:34:00,Pay Bill Online,Completed,8050.00,,2395295.00,true,Pay Bill Online,254773221378 - KIBET MACHARIA,,UT00141
TIRE2APEP8,14-09-2026 14:06:00,14-09-2026 14:06:00,Pay Bill Online,Completed,4700.00,,1488305.00,true,Pay Bill Online,254748525388 - MARY GITAU,,UT00019
TIGNWUTTFQ,14-09-2026 18:29:00,14-09-2026 18:29:00,Pay Bill Online,Completed,5000.00,,3647080.00,true,Pay Bill Online,254759874906 - OTIENO MBUGUA,,UT00123
TIZEKW3QHC,14-09-2026 23:47:00,14-09-2026 23:47:00,Pay Bill Online,Completed,5000.00,,3537080.00,true,Pay Bill Online,254769443184 - PETER KILONZO,,UT00201
TI9XA7KAX6,15-09-2026 10:11:12,,Pay Bill Online,Failed,3000.00,,,false,Pay Bill Online,254700000000 - FAILED PAYER,,UT00010
TIV7CZ3J4J,15-09-2026 15:07:00,,Business Payment Charge,Completed,,-33.00,,true,Business Payment Charge,,,
TIDKTHZYXK,15-09-2026 16:35:00,,Business Payment Charge,Completed,,-33.00,,true,Business Payment Charge,,,
TIDRR4S640,15-09-2026 23:42:00,15-09-2026 23:42:00,Pay Bill Online,Completed,2500.00,,3610080.00,true,Pay Bill Online,254756073651 - NYAMBURA WAFULA,,UT00233
TIJMW1K4TS,16-09-2026 04:01:00,16-09-2026 04:01:00,Pay Bill Online,Completed,13100.00,,3311700.00,true,Pay Bill Online,254720242851 - MWANGI ONYANGO,,23027663
TIHXL2BZQ1,16-09-2026 04:44:00,16-09-2026 04:44:00,Pay Bill Online,Completed,2900.00,,2249600.00,true,Pay Bill Online,254795827852 - PETER ONYANGO,,ut00129
TIEWBHS2M8,16-09-2026 07:09:00,16-09-2026 07:09:00,Pay Bill Online,Completed,5000.00,,3621580.00,true,Pay Bill Online,254765651505 - JUMA MACHARIA,,UT00056
TINX46CMDM,16-09-2026 11:11:00,16-09-2026 11:11:00,Pay Bill Online,Completed,3980.00,,3152100.00,true,Pay Bill Online,254763981558 - WAIRIMU WAFULA,,UT00266
TIEJDFUCUV,16-09-2026 13:47:00,16-09-2026 13:47:00,Pay Bill Online,Completed,4400.00,,2711885.00,true,Pay Bill Online,254753600049 - JOHN WAFULA,,UT00211
TI87BY1PLY,17-09-2026 02:02:00,17-09-2026 02:02:00,Pay Bill Online,Completed,7150.00,,2497195.00,true,Pay Bill Online,254789064100 - OMONDI MACHARIA,,UT00154
TISN15MGVG,17-09-2026 15:36:00,17-09-2026 15:36:00,Pay Bill Online,Completed,28600.00,,2979820.00,true,Pay Bill Online,254731200624 - HASSAN NJOROGE,,loan
TITRGX0QWA,17-09-2026 18:03:00,17-09-2026 18:03:00,Pay Bill Online,Completed,2000.00,,3540580.00,true,Pay Bill Online,254753600049 - JOHN WAFULA,,UT00211
TI74LDGFC8,17-09-2026 19:36:00,17-09-2026 19:36:00,Pay Bill Online,Completed,5365.00,,2290715.00,true,Pay Bill Online,254737805856 - PETER OWINO,,UT00138
TI3AAS7LN6,18-09-2026 00:59:00,18-09-2026 00:59:00,Pay Bill Online,Completed,17900.00,,2699435.00,true,Pay Bill Online,254783265523 - DANIEL KILONZO,,UT00206
TIKRBHNVAV,18-09-2026 04:19:00,18-09-2026 04:19:00,Pay Bill Online,Completed,42900.00,,3354600.00,true,Pay Bill Online,254705078485 - NEEMA TOO,,UT00296
TIDB0QW1C7,18-09-2026 07:32:00,18-09-2026 07:32:00,Pay Bill Online,Completed,14300.00,,2263900.00,true,Pay Bill Online,254787564327 - MWANGI MACHARIA,,
TIHJ7UX0MW,18-09-2026 12:44:00,18-09-2026 12:44:00,Pay Bill Online,Completed,19070.00,,1480920.00,true,Pay Bill Online,254751879525 - WEKESA AKINYI,,loan
TITJJZ589P,18-09-2026 14:30:00,18-09-2026 14:30:00,Pay Bill Online,Completed,1000.00,,3634080.00,true,Pay Bill Online,254706857857 - RUTH KARIUKI,,UT00299
TIW74C78PD,18-09-2026 19:05:00,18-09-2026 19:05:00,Pay Bill Online,Completed,2000.00,,3526080.00,true,Pay Bill Online,254750749528 - JAMES NYAGA,,UT00064
TIYK4MUZB9,18-09-2026 19:16:00,18-09-2026 19:16:00,Pay Bill Online,Completed,11930.00,,3225870.00,true,Pay Bill Online,254722280537 - JOHN OWINO,,UT00285
TI3X6CQD48,18-09-2026 21:16:00,18-09-2026 21:16:00,Pay Bill Online,Completed,23870.00,,1630910.00,true,Pay Bill Online,254714333776 - MUTUA CHERUIYOT,,UT00090
TI21QV2E84,18-09-2026 22:02:00,18-09-2026 22:02:00,Pay Bill Online,Completed,12075.00,,2661835.00,true,Pay Bill Online,254763857849 - GRACE CHERUIYOT,,UT00202
TIK8X5CFRE,19-09-2026 00:33:00,19-09-2026 00:33:00,Pay Bill Online,Completed,31500.00,,3031030.00,true,Pay Bill Online,254724580337 - NJERI KIPLAGAT,,UT00254
TIKZD3SM9X,19-09-2026 07:00:00,19-09-2026 07:00:00,Pay Bill Online,Completed,2500.00,,3633080.00,true,Pay Bill Online,254706883106 - FAITH KILONZO,,UT00059
TIXBGUYNKM,19-09-2026 08:53:00,19-09-2026 08:53:00,Pay Bill Online,Completed,2000.00,,3548080.00,true,Pay Bill Online,254749795836 - JOYCE NDUNGU,,UT00229
TIL9K3M68P,19-09-2026 17:30:00,19-09-2026 17:30:00,Pay Bill Online,Completed,28600.00,,2525795.00,true,Pay Bill Online,254789064100 - OMONDI MACHARIA,,LN26125
TIECEMPF0K,19-09-2026 21:06:00,19-09-2026 21:06:00,Pay Bill Online,Completed,5000.00,,3532080.00,true,Pay Bill Online,254785304352 - WANJIKU GITAU,,UT00044
TIYMANMQGP,20-09-2026 04:06:00,20-09-2026 04:06:00,Pay Bill Online,Completed,32500.00,,1541075.00,true,Pay Bill Online,254799752882 - OTIENO KARIUKI,,UT00024 
TIUUHP3W4U,20-09-2026 07:12:00,20-09-2026 07:12:00,Pay Bill Online,Completed,3380.00,,3408040.00,true,Pay Bill Online,254708309409 - NYAMBURA WAFULA,,UT00306
TICN113NZU,20-09-2026 08:19:00,20-09-2026 08:19:00,Pay Bill Online,Completed,19710.00,,2999530.00,true,Pay Bill Online,254799123227 - BARAKA MUTISO,,UT00249 
TISXBVUA8T,20-09-2026 19:57:00,20-09-2026 19:57:00,Pay Bill Online,Completed,1000.00,,3553580.00,true,Pay Bill Online,254773850514 - DANIEL SIMIYU,,UT00245
TINQXABGD3,20-09-2026 20:56:00,20-09-2026 20:56:00,Pay Bill Online,Completed,6760.00,,3165220.00,true,Pay Bill Online,254767694291 - ATIENO WAFULA,,UT00273
TI4SF4ZGC7,21-09-2026 01:32:00,21-09-2026 01:32:00,Pay Bill Online,Completed,3980.00,,1258900.00,true,Pay Bill Online,254739099603 - ACHIENG WANYAMA,,0
TIGHX99KDT,21-09-2026 07:34:00,21-09-2026 07:34:00,Pay Bill Online,Completed,1000.00,,3597080.00,true,Pay Bill Online,254720417798 - JEPTOO WAMBUI,,UT00193
TIPG26WD0Q,21-09-2026 10:28:00,21-09-2026 10:28:00,Pay Bill Online,Completed,85800.00,,1442780.00,true,Pay Bill Online,254732122330 - JOHN MACHARIA,,UT00012
TIV4EGG1V8,21-09-2026 11:20:00,21-09-2026 11:20:00,Pay Bill Online,Completed,17900.00,,2853595.00,true,Pay Bill Online,254799031053 - AMINA LANGAT,,UT00236
TI3ZV7QQVP,21-09-2026 11:39:00,21-09-2026 11:39:00,Pay Bill Online,Completed,500.00,,3541080.00,true,Pay Bill Online,254762948470 - OTIENO GITAU,,UT00264
TIRKMV3WG8,21-09-2026 14:08:00,21-09-2026 14:08:00,Pay Bill Online,Completed,1315.00,,1636205.00,true,Pay Bill Online,254706883106 - FAITH KILONZO,,UT00059
TIUXSAQXQW,21-09-2026 22:59:00,21-09-2026 22:59:00,Pay Bill Online,Completed,2000.00,,3552580.00,true,Pay Bill Online,254718583825 - MUTHONI OKOTH,,UT00302
TI5CXVW8GW,22-09-2026 01:00:00,,Business Payment Charge,Completed,,-33.00,,true,Business Payment Charge,,,
TI5WHMHRJP,22-09-2026 06:23:00,22-09-2026 06:23:00,Pay Bill Online,Completed,4400.00,,3148120.00,true,Pay Bill Online,254763981558 - WAIRIMU WAFULA,,UT00266
TI28FR4UPD,22-09-2026 06:38:00,22-09-2026 06:38:00,Pay Bill Online,Completed,4770.00,,3080120.00,true,Pay Bill Online,254719391525 - JUMA ODUYA,,UT00260
TIADR3JRAR,22-09-2026 08:04:00,22-09-2026 08:04:00,Pay Bill Online,Completed,5900.00,,1607040.00,true,Pay Bill Online,254711311440 - NYAMBURA MUSYOKA,,UT00035
TIL4GFY1ML,22-09-2026 11:45:00,22-09-2026 11:45:00,Pay Bill Online,Completed,40530.00,,3395130.00,true,Pay Bill Online,254739849633 - CHEBET MUTISO,,LN26242
TIML5YJ1EN,22-09-2026 12:53:00,22-09-2026 12:53:00,Pay Bill Online,Completed,1000.00,,3538580.00,true,Pay Bill Online,254716967106 - JOYCE MOHAMED,,UT00158
TIHCKUDJY0,22-09-2026 18:23:00,22-09-2026 18:23:00,Pay Bill Online,Completed,16100.00,,1278980.00,true,Pay Bill Online,254762819482 - WEKESA MOHAMED,,UT00004
TIFBBK8QFF,22-09-2026 19:02:00,22-09-2026 19:02:00,Pay Bill Online,Completed,17900.00,,2871495.00,true,Pay Bill Online,254799031053 - AMINA LANGAT,,UT00236
TIJ25LCZFB,22-09-2026 22:18:00,22-09-2026 22:18:00,Pay Bill Online,Completed,5000.00,,3657580.00,true,Pay Bill Online,254780503550 - JOHN ROTICH,,UT00278
TIWC1TZ4QT,23-09-2026 10:02:00,23-09-2026 10:02:00,Pay Bill Online,Completed,500.00,,3537580.00,true,Pay Bill Online,254772720429 - MUTHONI GITAU,,UT00080
TI40G3Q0NW,23-09-2026 10:03:00,23-09-2026 10:03:00,Pay Bill Online,Completed,15700.00,,2808655.00,true,Pay Bill Online,254784838362 - KAMAU NYAGA,,UT00216
TIX5CVSH1Y,23-09-2026 11:53:00,23-09-2026 11:53:00,Pay Bill Online,Completed,1000.00,,3642080.00,true,Pay Bill Online,254730552034 - ACHIENG KILONZO,,UT00088
TI7NN8H5QG,23-09-2026 14:45:00,23-09-2026 14:45:00,Pay Bill Online,Completed,500.00,,3574080.00,true,Pay Bill Online,254740268599 - HALIMA KIPLAGAT,,UT00013
TIY7ZDNQ39,23-09-2026 17:47:00,23-09-2026 17:47:00,Pay Bill Online,Completed,5000.00,,3569080.00,true,Pay Bill Online,254723598523 - HALIMA OWINO,,UT00131
TI90G7G1G7,23-09-2026 23:47:00,23-09-2026 23:47:00,Pay Bill Online,Completed,2680.00,,3167900.00,true,Pay Bill Online,254796950646 - DANIEL MUTISO,,
TIZ8GCXSST,24-09-2026 01:09:00,24-09-2026 01:09:00,Pay Bill Online,Completed,11100.00,,3143720.00,true,Pay Bill Online,254762948470 - OTIENO GITAU,,ut00264
TIL83NA60X,24-09-2026 02:17:00,24-09-2026 02:17:00,Pay Bill Online,Completed,114400.00,,3524080.00,true,Pay Bill Online,254795043743 - WAIRIMU ODUYA,,UT00318
TIC46BFFCP,24-09-2026 07:06:00,24-09-2026 07:06:00,Pay Bill Online,Completed,32200.00,,1311180.00,true,Pay Bill Online,254762819482 - WEKESA MOHAMED,,UT00004
TIRJV1CQGP,24-09-2026 11:35:00,24-09-2026 11:35:00,Pay Bill Online,Completed,8950.00,,2490045.00,true,Pay Bill Online,254715354291 - ACHIENG ROTICH,,LN26124
TIUMHMBRZ8,24-09-2026 11:45:00,24-09-2026 11:45:00,Pay Bill Online,Completed,5000.00,,3652580.00,true,Pay Bill Online,254719391525 - JUMA ODUYA,,UT00260
TI9MG9K0JV,24-09-2026 14:28:00,24-09-2026 14:28:00,Pay Bill Online,Completed,1000.00,,3572580.00,true,Pay Bill Online,254771049746 - AMINA KARIUKI,,UT00009
TIW01BE3HT,24-09-2026 17:07:00,24-09-2026 17:07:00,Pay Bill Online,Completed,9535.00,,1550610.00,true,Pay Bill Online,254786205798 - NEEMA MACHARIA,,UT00026
TIF85HRP4V,24-09-2026 17:38:00,24-09-2026 17:38:00,Pay Bill Online,Completed,3380.00,,2074950.00,true,Pay Bill Online,254745564054 - NDUTA OCHIENG,,UT00122
TIZLG897HZ,24-09-2026 17:43:00,24-09-2026 17:43:00,Pay Bill Online,Completed,14775.00,,2231925.00,true,Pay Bill Online,254781551661 - IMANI MWENDE,,LOAN REPAYMENT
TIKL916TAQ,25-09-2026 10:16:00,,Business Payment Charge,Completed,,-33.00,,true,Business Payment Charge,,,
TIVT665AD0,26-09-2026 06:53:00,26-09-2026 06:53:00,Pay Bill Online,Completed,10800.00,,2088450.00,true,Pay Bill Online,254700571727 - SAMUEL AKINYI,,UT00125 
TI6K0505NQ,26-09-2026 09:06:00,26-09-2026 09:06:00,Pay Bill Online,Completed,85800.00,,2481095.00,true,Pay Bill Online,254723682991 - DAVID ODUYA,,UT00146
TIM2FJRGJ4,26-09-2026 11:05:00,,Business Payment Charge,Completed,,-33.00,,true,Business Payment Charge,,,
TITHC4SNK4,26-09-2026 13:29:00,26-09-2026 13:29:00,Pay Bill Online,Completed,13520.00,,2822175.00,true,Pay Bill Online,254750746947 - MUTUA KOSGEI,,UT00223
TI4NV9P6XJ,26-09-2026 16:37:00,26-09-2026 16:37:00,Pay Bill Online,Completed,10500.00,,1785855.00,true,Pay Bill Online,254720750961 - DANIEL KIMANI,,UT00095
TI6Y0FAB0W,26-09-2026 18:49:00,26-09-2026 18:49:00,Pay Bill Online,Completed,2000.00,,3543080.00,true,Pay Bill Online,254770168773 - WEKESA KOSGEI,,UT00066
TIT9CTJ5PP,26-09-2026 23:46:00,26-09-2026 23:46:00,Pay Bill Online,Completed,2500.00,,3583580.00,true,Pay Bill Online,254720327112 - JEPTOO ROTICH,,UT00110
TIG3PVQMYZ,27-09-2026 04:32:00,27-09-2026 04:32:00,Pay Bill Online,Completed,2630.00,,2617675.00,true,Pay Bill Online,254733124599 - AMINA ROTICH,,UT00170
TIQUGNRQ6W,27-09-2026 07:33:00,27-09-2026 07:33:00,Pay Bill Online,Completed,23870.00,,2071570.00,true,Pay Bill Online,254744318024 - MUTHONI MACHARIA,,UT00116
TIUWMJ4L41,27-09-2026 07:42:00,27-09-2026 07:42:00,Pay Bill Online,Completed,23870.00,,2071570.00,true,Pay Bill Online,254744318024 - MUTHONI MACHARIA,,UT00116
TIX6F6X1PY,27-09-2026 18:25:00,27-09-2026 18:25:00,Pay Bill Online,Completed,1000.00,,3573580.00,true,Pay Bill Online,254789688667 - AMINA OCHIENG,,UT00212
TIQT8J8B23,28-09-2026 00:18:00,28-09-2026 00:18:00,Pay Bill Online,Completed,40535.00,,1826390.00,true,Pay Bill Online,254765178800 - KIPROP MUTISO,,UT00100
TI6JKE63JB,28-09-2026 01:41:00,28-09-2026 01:41:00,Pay Bill Online,Completed,19700.00,,1729040.00,true,Pay Bill Online,254730552034 - ACHIENG KILONZO,,UT00088
TIHZCRAKDU,28-09-2026 04:24:00,28-09-2026 04:24:00,Pay Bill Online,Completed,1000.00,,3607580.00,true,Pay Bill Online,254705078485 - NEEMA TOO,,UT00296
TI56LCYPXH,28-09-2026 08:15:00,28-09-2026 08:15:00,Pay Bill Online,Completed,5000.00,,3596080.00,true,Pay Bill Online,254776811732 - WANJIKU MBUGUA,,UT00159
TIR35SPJJA,28-09-2026 11:31:00,28-09-2026 11:31:00,Pay Bill Online,Completed,3600.00,,2951220.00,true,Pay Bill Online,254773850514 - DANIEL SIMIYU,,UT00245
TIJB974STB,28-09-2026 19:50:00,28-09-2026 19:50:00,Pay Bill Online,Completed,500.00,,3581080.00,true,Pay Bill Online,254713409978 - MUTHONI KIMANI,,UT00192
TI9VQXX6GM,28-09-2026 22:28:00,28-09-2026 22:28:00,Pay Bill Online,Completed,71610.00,,1993840.00,true,Pay Bill Online,254765925517 - KIBET NJOROGE,,UT00106
TIF4BWH174,28-09-2026 23:19:00,28-09-2026 23:19:00,Pay Bill Online,Completed,2000.00,,3606580.00,true,Pay Bill Online,254713922144 - DAVID MACHARIA,,UT00191
TIFH4E43S7,29-09-2026 13:56:00,29-09-2026 13:56:00,Pay Bill Online,Completed,1640.00,,3409680.00,true,Pay Bill Online,254780485671 - NJERI KOSGEI,,UT00312
TISM67XJRS,29-09-2026 14:30:00,29-09-2026 14:30:00,Pay Bill Online,Completed,2500.00,,3559080.00,true,Pay Bill Online,254733734419 - JOHN KILONZO,,UT00072
TIARDQARK0,29-09-2026 14:40:00,,Business Payment Charge,Completed,,-33.00,,true,Business Payment Charge,,,
TI056TXVBN,29-09-2026 17:03:00,29-09-2026 17:03:00,Pay Bill Online,Completed,2000.00,,3578080.00,true,Pay Bill Online,254756175244 - ESTHER KARIUKI,,UT00275
TIXBJXZEEB,30-09-2026 02:50:00,30-09-2026 02:50:00,Pay Bill Online,Completed,85800.00,,2387245.00,true,Pay Bill Online,254765941346 - JAMES KOSGEI,,UT00140
TIPK1AUB04,30-09-2026 04:11:00,30-09-2026 04:11:00,Pay Bill Online,Completed,8050.00,,2707485.00,true,Pay Bill Online,254742696931 - JUMA GITAU,,UT00210
