receipt,true_member_no
TI056TXVBN,UT00275
TI0AZHWXJC,UT00115
TI0YM3XTRL,UT00303
TI0YXTUFZH,UT00127
TI1GN2FUZX,UT00080
TI1XNR3Y5Z,UT00304
TI21QV2E84,UT00202
TI22PDP5R8,UT00206
TI28FR4UPD,UT00260
TI2U83AFJG,UT00001
TI3AAS7LN6,UT00206
TI3P7C6PW6,UT00148
TI3X6CQD48,UT00050
TI3ZV7QQVP,UT00264
TI40AGQ1SR,UT00260
TI40G3Q0NW,UT00216
TI46JGA22R,UT00188
TI47VZ99CX,UT00319
TI4HWPLVK8,UT00116
TI4JPXM1V1,UT00266
TI4NV9P6XJ,UT00095
TI4SF4ZGC7,UT00003
TI56LCYPXH,UT00159
TI5WHMHRJP,UT00266
TI5WVT8FG9,UT00241
TI5ZG88M9P,UT00048
TI60LGS4FV,UT00126
TI6HJTVVNQ,UT00135
TI6JKE63JB,UT00088
TI6K0505NQ,UT00146
TI6QSSDQLV,UT00009
TI6VC2TA6R,UT00275
TI6VCUAKWD,UT00284
TI6Y0FAB0W,UT00066
TI72DJX32E,UT00104
TI74LDGFC8,UT00138
TI7CJX24U2,UT00110
TI7HLDU8CX,UT00059
TI7MSAV5QZ,UT00174
TI7NN8H5QG,UT00013
TI81J82TTF,UT00101
TI81LQP3S5,UT00074
TI87BY1PLY,UT00154
TI8G7C1J77,UT00011
TI8KWQ30TK,UT00158
TI90G7G1G7,UT00275
TI9HW1LJ66,UT00013
TI9L3KTRHB,UT00223
TI9MG9K0JV,UT00009
TI9VQXX6GM,UT00106
TI9X5GHSGK,UT00215
TI9Z91K3SZ,UT00213
TIADR3JRAR,UT00035
TIAHXG47BQ,UT00176
TIB628F2QJ,UT00268
TIBD30LZZJ,UT00027
TIBDMJVUG8,UT00169
TIBTJ72ZA3,UT00219
TIC123EKFE,UT00081
TIC46BFFCP,UT00004
TICBLS9F3N,UT00215
TICN113NZU,UT00249
TICXCFTYH7,UT00257
TIDB0QW1C7,UT00130
TIDRR4S640,UT00233
TIECEMPF0K,UT00044
TIEHWRDQTY,UT00088
TIEJDFUCUV,UT00211
TIEWBHS2M8,UT00056
TIF4BWH174,UT00191
TIF66P2VPK,UT00114
TIF85HRP4V,UT00122
TIFBBK8QFF,UT00236
TIFFMZA328,UT00126
TIFH4E43S7,UT00312
TIFPY3NEF9,UT00255
TIFXQWQHD2,UT00046
TIG087SNG7,UT00083
TIG3EPT7UM,UT00241
TIG3PVQMYZ,UT00170
TIGHX99KDT,UT00193
TIGNATD3FT,UT00022
TIGNWUTTFQ,UT00123
TIGNWZF2GC,UT00141
TIH0FQAKCY,UT00091
TIH4Z96R80,UT00101
TIHCKUDJY0,UT00004
TIHJ7UX0MW,UT00013
TIHX1R3RXR,UT00125
TIHXL2BZQ1,UT00129
TIHZCRAKDU,UT00296
TIHZKGVS82,UT00240
TIJ25LCZFB,UT00278
TIJB974STB,UT00192
TIJLUG3533,UT00157
TIJMW1K4TS,UT00291
TIJV0JWR1Z,UT00286
TIK8X5CFRE,UT00254
TIKRBHNVAV,UT00296
TIKZD3SM9X,UT00059
TIL44MAJF3,UT00089
TIL4GFY1ML,UT00298
TIL6N487GB,UT00160
TIL83NA60X,UT00318
TIL9K3M68P,UT00154
TILA1EWXEK,UT00286
TILFK9P6XG,UT00254
TILLKKHHLV,UT00028
TILYTDRXCM,UT00110
TIM9BBQ4F5,UT00138
TIML5YJ1EN,UT00158
TIMMS8JL8W,UT00135
TIMZHY5KD3,UT00222
TINESFXFXF,UT00051
TINQXABGD3,UT00273
TINX46CMDM,UT00266
TIPG26WD0Q,UT00012
TIPK1AUB04,UT00210
TIQ3SZBTDX,UT00105
TIQ4XPWF4M,UT00200
TIQT8J8B23,UT00100
TIQUGNRQ6W,UT00116
TIR35SPJJA,UT00245
TIRE2APEP8,UT00019
TIRJV1CQGP,UT00153
TIRKMV3WG8,UT00059
TIRRRCN9RJ,UT00089
TIS6WP4YV5,UT00104
TISGDDNRPF,UT00171
TISM67XJRS,UT00072
TISN15MGVG,UT00246
TISR0Q9WKG,UT00284
TISTYH6U0P,UT00155
TISXBVUA8T,UT00245
TIT4KUS4PL,UT00036
TIT9CTJ5PP,UT00110
TITHC4SNK4,UT00223
TITJJZ589P,UT00299
TITRGX0QWA,UT00211
TITVFP4TAD,UT00141
TITZP8893T,UT00003
TIU24SRWDG,UT00239
TIU5ZZ6NMZ,UT00014
TIU7WRUTYD,UT00293
TIUDXVR1B3,UT00281
TIUJ4PU7MN,UT00167
TIUMHMBRZ8,UT00260
TIUUHP3W4U,UT00306
TIUWMJ4L41,UT00116
TIUXMJHM8S,UT00009
TIUXSAQXQW,UT00302
TIV4EGG1V8,UT00236
TIVBZM182H,UT00212
TIVQADSGM4,UT00291
TIVT665AD0,UT00125
TIW01BE3HT,UT00026
TIW2BGGM2S,UT00115
TIW74C78PD,UT00064
TIW88UVZR2,UT00245
TIWC1TZ4QT,UT00080
TIX5CVSH1Y,UT00088
TIX6F6X1PY,UT00212
TIXBGUYNKM,UT00229
TIXBJXZEEB,UT00140
TIXSA3MESF,UT00180
TIXUVFTP1A,UT00259
TIXV721D8A,UT00268
TIY1LNFX3N,UT00262
TIY7ZDNQ39,UT00131
TIYK4MUZB9,UT00285
TIYMANMQGP,UT00024
TIYVFPR7V4,UT00286
TIZ8GCXSST,UT00264
TIZ8HHT481,UT00114
TIZEKW3QHC,UT00201
TIZHZXH8M3,UT00314
TIZLG897HZ,UT00127
